Const,Your Rating,Date Rated,Title,Original Title,URL,Title Type,IMDb Rating,Runtime (mins),Year,Genres,Num Votes,Release Date,Directors
tt6857112,8,2026-05-22,"Us","Us",https://www.imdb.com/title/tt6857112,Movie,6.8,116,2019,"Thriller, Horror, Mystery",392760,"2019-03-22","Jordan Peele"
tt12042730,9,2026-05-20,"Project Hail Mary","Project Hail Mary",https://www.imdb.com/title/tt12042730,Movie,8.3,156,2026,"Sci-Fi, Adventure, Comedy, Drama",319815,"2026-03-20","Phil Lord,Christopher Miller"
tt8036976,7,2026-05-09,"Send Help","Send Help",https://www.imdb.com/title/tt8036976,Movie,6.8,113,2026,"Horror, Thriller, Adventure",107989,"2026-01-30","Sam Raimi"
tt33071426,8,2026-05-08,"The Drama","The Drama",https://www.imdb.com/title/tt33071426,Movie,7.3,105,2026,"Romance, Comedy, Drama",63295,"2026-04-03","Kristoffer Borgli"
tt36463894,9,2026-05-03,"Predator: Killer of Killers","Predator: Killer of Killers",https://www.imdb.com/title/tt36463894,Movie,7.4,85,2025,"Animation, Action, Sci-Fi, Thriller, Adventure",60725,"2025-06-06","Dan Trachtenberg,Joshua Wassung"
tt26443616,8,2026-05-02,"Hoppers","Hoppers",https://www.imdb.com/title/tt26443616,Movie,7.3,104,2026,"Animation, Adventure, Comedy, Family, Sci-Fi",47265,"2026-03-06","Daniel Chong"
tt8652728,6,2026-05-01,"Waves","Waves",https://www.imdb.com/title/tt8652728,Movie,7.5,135,2019,"Drama, Romance, Sport",38258,"2019-12-06","Trey Edward Shults"
tt32916440,9,2026-04-28,"Marty Supreme","Marty Supreme",https://www.imdb.com/title/tt32916440,Movie,7.6,149,2025,"Drama, Sport",179504,"2025-12-25","Josh Safdie"
tt1757678,7,2026-04-24,"Avatar: Fire and Ash","Avatar: Fire and Ash",https://www.imdb.com/title/tt1757678,Movie,7.3,197,2025,"Fantasy, Sci-Fi, Action, Adventure",168599,"2025-12-19","James Cameron"
tt0071315,7,2026-04-23,"Chinatown","Chinatown",https://www.imdb.com/title/tt0071315,Movie,8.1,130,1974,"Drama, Thriller, Mystery",377400,"1974-06-20","Roman Polanski"
tt1860357,7,2026-04-20,"Deepwater Horizon","Deepwater Horizon",https://www.imdb.com/title/tt1860357,Movie,7.1,107,2016,"Drama, Thriller, Action, History",199692,"2016-09-30","Peter Berg"
tt0091064,9,2026-04-19,"The Fly","The Fly",https://www.imdb.com/title/tt0091064,Movie,7.6,96,1986,"Horror, Drama, Sci-Fi",224544,"1986-08-15","David Cronenberg"
tt35522483,9,2026-04-09,"Nirvanna: The Band - The Show - The Movie","Nirvanna the Band the Show the Movie",https://www.imdb.com/title/tt35522483,Movie,7.9,100,2025,"Comedy, Sci-Fi, Adventure",7023,"2025-11-17","Matt Johnson"
tt35314797,8,2026-04-06,"Are We Good?","Are We Good?",https://www.imdb.com/title/tt35314797,Movie,7.2,97,2025,"Documentary, Comedy, Biography",371,"2025-03-11","Steven Feinartz"
tt14905854,8,2026-03-24,"Hamnet","Hamnet",https://www.imdb.com/title/tt14905854,Movie,7.8,125,2025,"Biography, Drama, History, Romance",115334,"2025-12-05","Chloé Zhao"
tt29567915,9,2026-02-27,"Nuremberg","Nuremberg",https://www.imdb.com/title/tt29567915,Movie,7.4,148,2025,"Drama, History, Thriller, Biography, War",94282,"2025-11-07","James Vanderbilt"
tt14142060,9,2026-02-26,"Rental Family","Rental Family",https://www.imdb.com/title/tt14142060,Movie,7.6,109,2025,"Comedy, Drama",55347,"2025-11-21","Hikari"
tt27543632,6,2026-02-18,"The Housemaid","The Housemaid",https://www.imdb.com/title/tt27543632,Movie,6.7,131,2025,"Thriller, Drama, Mystery",151715,"2025-12-19","Paul Feig"
tt11866324,8,2026-02-15,"Prey","Prey",https://www.imdb.com/title/tt11866324,Movie,7.1,100,2022,"Sci-Fi, Thriller, Action, Adventure, Horror",273247,"2022-08-05","Dan Trachtenberg"
tt35307139,9,2026-02-14,"The Alabama Solution","The Alabama Solution",https://www.imdb.com/title/tt35307139,Movie,7.8,117,2025,"Documentary",6111,"2025-10-10","Andrew Jarecki,Charlotte Kaufman"
tt32204858,9,2026-02-08,"Late Shift","Heldin",https://www.imdb.com/title/tt32204858,Movie,7.7,92,2025,"Drama, Thriller",9992,"2025-02-27","Petra Biondina Volpe"
tt32321317,7,2026-02-04,"Pillion","Pillion",https://www.imdb.com/title/tt32321317,Movie,6.9,106,2025,"Drama, Romance, Comedy",17116,"2026-02-27","Harry Lighton"
tt28479262,8,2026-01-31,"Sing Sing","Sing Sing",https://www.imdb.com/title/tt28479262,Movie,7.6,107,2023,"Drama",29658,"2024-08-02","Greg Kwedar"
tt30144839,9,2026-01-30,"One Battle After Another","One Battle After Another",https://www.imdb.com/title/tt30144839,Movie,7.6,161,2025,"Crime, Drama, Thriller",408854,"2025-09-26","Paul Thomas Anderson"
tt32843349,9,2026-01-27,"Sorry, Baby","Sorry, Baby",https://www.imdb.com/title/tt32843349,Movie,7.1,103,2025,"Drama, Comedy",23884,"2025-07-25","Eva Victor"
tt8009428,8,2026-01-20,"Hustle","Hustle",https://www.imdb.com/title/tt8009428,Movie,7.3,117,2022,"Sport, Comedy, Drama",164631,"2022-06-08","Jeremiah Zagar"
tt1825157,6,2026-01-19,"The Double","The Double",https://www.imdb.com/title/tt1825157,Movie,6.4,93,2013,"Drama, Thriller, Comedy, Mystery, Sci-Fi",55597,"2014-04-04","Richard Ayoade"
tt8781414,7,2026-01-16,"Freaks","Freaks",https://www.imdb.com/title/tt8781414,Movie,6.7,105,2018,"Drama, Sci-Fi, Thriller, Mystery, Fantasy",44780,"2019-09-13","Zach Lipovsky,Adam B. Stein"
tt21996838,7,2026-01-12,"Mister Organ","Mister Organ",https://www.imdb.com/title/tt21996838,Movie,6.6,96,2022,"Documentary",1558,"2023-11-21","David Farrier"
tt4627382,8,2026-01-10,"Roofman","Roofman",https://www.imdb.com/title/tt4627382,Movie,6.9,126,2025,"Crime, Drama, Romance, Biography, History",76640,"2025-10-10","Derek Cianfrance"
tt14107334,7,2025-12-22,"The Running Man","The Running Man",https://www.imdb.com/title/tt14107334,Movie,6.4,133,2025,"Sci-Fi, Action, Thriller, Adventure",104879,"2025-11-14","Edgar Wright"
tt4276820,7,2025-12-21,"The Founder","The Founder",https://www.imdb.com/title/tt4276820,Movie,7.2,115,2016,"Biography, Drama",205377,"2017-01-20","John Lee Hancock"
tt14364480,8,2025-12-20,"Wake Up Dead Man","Wake Up Dead Man",https://www.imdb.com/title/tt14364480,Movie,7.3,144,2025,"Thriller, Comedy, Crime, Drama, Mystery",241927,"2025-12-12","Rian Johnson"
tt14577874,7,2025-12-15,"It's What's Inside","It's What's Inside",https://www.imdb.com/title/tt14577874,Movie,6.6,103,2024,"Comedy, Mystery, Sci-Fi, Thriller",51768,"2024-10-04","Greg Jardin"
tt37674426,8,2025-12-13,"Unknown Number: The High School Catfish","Unknown Number: The High School Catfish",https://www.imdb.com/title/tt37674426,Movie,6.7,94,2025,"Documentary, Crime",21084,"2025-08-29","Skye Borgman"
tt35396529,8,2025-12-12,"Mountainhead","Mountainhead",https://www.imdb.com/title/tt35396529,Movie,5.4,108,2025,"Drama, Comedy",21629,"2025-05-31","Jesse Armstrong"
tt0311113,8,2025-12-03,"Master and Commander: The Far Side of the World","Master and Commander: The Far Side of the World",https://www.imdb.com/title/tt0311113,Movie,7.5,138,2003,"War, Drama, Adventure, Action",256155,"2003-11-14","Peter Weir"
tt12300742,9,2025-11-26,"Bugonia","Bugonia",https://www.imdb.com/title/tt12300742,Movie,7.4,118,2025,"Sci-Fi, Comedy, Crime, Thriller",191325,"2025-10-31","Yorgos Lanthimos"
tt32376165,6,2025-11-20,"A House of Dynamite","A House of Dynamite",https://www.imdb.com/title/tt32376165,Movie,6.4,112,2025,"Thriller, Drama",117904,"2025-10-24","Kathryn Bigelow"
tt1312221,9,2025-11-10,"Frankenstein","Frankenstein",https://www.imdb.com/title/tt1312221,Movie,7.4,149,2025,"Horror, Sci-Fi, Drama, Fantasy",315742,"2025-11-07","Guillermo del Toro"
tt31973693,8,2025-11-04,"The Roses","The Roses",https://www.imdb.com/title/tt31973693,Movie,6.6,105,2025,"Comedy",57405,"2025-08-29","Jay Roach"
tt10374610,9,2025-10-21,"The Long Walk","The Long Walk",https://www.imdb.com/title/tt10374610,Movie,6.7,108,2025,"Thriller, Horror",119726,"2025-09-12","Francis Lawrence"
tt0813547,8,2025-10-19,"The Counterfeiters","Die Fälscher",https://www.imdb.com/title/tt0813547,Movie,7.5,99,2007,"Drama, War, Crime, History",48619,"2008-04-18","Stefan Ruzowitzky"
tt29603959,6,2025-10-16,"Novocaine","Novocaine",https://www.imdb.com/title/tt29603959,Movie,6.5,110,2025,"Action, Thriller, Comedy, Crime",89143,"2025-03-14","Dan Berk,Robert Olsen"
tt13357520,8,2025-10-07,"Heads of State","Heads of State",https://www.imdb.com/title/tt13357520,Movie,6.4,116,2025,"Action, Thriller, Comedy, Adventure",68997,"2025-07-02","Ilya Naishuller"
tt1424381,6,2025-10-06,"Predators","Predators",https://www.imdb.com/title/tt1424381,Movie,6.4,107,2010,"Adventure, Sci-Fi, Thriller, Action",262858,"2010-07-09","Nimród Antal"
tt0899043,6,2025-10-05,"The Amateur","The Amateur",https://www.imdb.com/title/tt0899043,Movie,6.5,122,2025,"Action, Thriller",97873,"2025-04-11","James Hawes"
tt21103218,7,2025-10-04,"The Lost Bus","The Lost Bus",https://www.imdb.com/title/tt21103218,Movie,6.8,130,2025,"Drama, Thriller, Biography, History",53339,"2025-10-03","Paul Greengrass"
tt6212478,8,2025-10-02,"American Animals","American Animals",https://www.imdb.com/title/tt6212478,Movie,7.0,116,2018,"Crime, Drama, Biography, Thriller, History",53113,"2018-08-14","Bart Layton"
tt4190530,7,2025-10-01,"Anthropoid","Anthropoid",https://www.imdb.com/title/tt4190530,Movie,7.2,120,2016,"History, Thriller, War, Drama, Romance, Action",59227,"2016-09-09","Sean Ellis"
tt30253473,5,2025-09-26,"Materialists","Materialists",https://www.imdb.com/title/tt30253473,Movie,6.2,116,2025,"Romance, Comedy, Drama",99203,"2025-06-13","Celine Song"
tt10676052,9,2025-09-24,"The Fantastic Four: First Steps","The Fantastic Four: First Steps",https://www.imdb.com/title/tt10676052,Movie,6.8,115,2025,"Adventure, Action, Sci-Fi",265059,"2025-07-25","Matt Shakman"
tt3402138,8,2025-09-24,"The Naked Gun","The Naked Gun",https://www.imdb.com/title/tt3402138,Movie,6.3,85,2025,"Comedy, Action, Crime",127715,"2025-08-01","Akiva Schaffer"
tt11539996,7,2025-09-21,"Relay","Relay",https://www.imdb.com/title/tt11539996,Movie,7.0,112,2024,"Thriller, Action, Drama",37196,"2025-08-22","David Mackenzie"
tt26581740,8,2025-09-17,"Weapons","Weapons",https://www.imdb.com/title/tt26581740,Movie,7.4,128,2025,"Horror, Mystery",359392,"2025-08-08","Zach Cregger"
tt10548174,8,2025-09-16,"28 Years Later","28 Years Later",https://www.imdb.com/title/tt10548174,Movie,6.6,115,2025,"Horror, Thriller, Sci-Fi",215389,"2025-06-20","Danny Boyle"
tt16311594,8,2025-09-05,"F1: The Movie","F1",https://www.imdb.com/title/tt16311594,Movie,7.6,155,2025,"Sport, Drama",361417,"2025-06-27","Joseph Kosinski"
tt31434639,8,2025-09-03,"Warfare","Warfare",https://www.imdb.com/title/tt31434639,Movie,7.1,95,2025,"War, Action, Drama",111797,"2025-04-11","Alex Garland,Ray Mendoza"
tt33292655,6,2025-09-02,"Oh, Hi!","Oh, Hi!",https://www.imdb.com/title/tt33292655,Movie,6.1,95,2025,"Comedy",9843,"2025-07-25","Sophie Brooks"
tt9603208,9,2025-08-27,"Mission: Impossible - The Final Reckoning","Mission: Impossible - The Final Reckoning",https://www.imdb.com/title/tt9603208,Movie,7.1,169,2025,"Action, Thriller, Adventure",231331,"2025-05-23","Christopher McQuarrie"
tt5950044,8,2025-08-16,"Superman","Superman",https://www.imdb.com/title/tt5950044,Movie,7.0,129,2025,"Adventure, Sci-Fi",415201,"2025-07-11","James Gunn"
tt12908150,9,2025-08-13,"The Life of Chuck","The Life of Chuck",https://www.imdb.com/title/tt12908150,Movie,7.3,111,2024,"Drama, Fantasy, Sci-Fi",71889,"2025-06-13","Mike Flanagan"
tt0463854,7,2025-08-11,"28 Weeks Later","28 Weeks Later",https://www.imdb.com/title/tt0463854,Movie,6.8,100,2007,"Horror, Sci-Fi",363704,"2007-05-11","Juan Carlos Fresnadillo"
tt7181546,8,2025-08-08,"Ballerina","Ballerina",https://www.imdb.com/title/tt7181546,Movie,6.8,124,2025,"Action, Thriller, Adventure, Crime, Drama",153007,"2025-06-06","Len Wiseman"
tt2649554,8,2025-08-02,"Midnight Special","Midnight Special",https://www.imdb.com/title/tt2649554,Movie,6.6,112,2016,"Drama, Sci-Fi, Thriller, Mystery",86647,"2016-02-18","Jeff Nichols"
tt30505698,7,2025-07-29,"Friendship","Friendship",https://www.imdb.com/title/tt30505698,Movie,6.6,100,2024,"Comedy",40233,"2025-05-23","Andrew DeYoung"
tt14164730,8,2025-07-23,"Dexter: New Blood","Dexter: New Blood",https://www.imdb.com/title/tt14164730,TV Mini Series,8.0,60,2021,"Drama, Crime, Mystery",155799,"2021-11-07",
tt27196021,7,2025-07-20,"Small Things Like These","Small Things Like These",https://www.imdb.com/title/tt27196021,Movie,6.7,98,2024,"Drama",38084,"2024-11-08","Tim Mielants"
tt0773262,8,2025-07-16,"Dexter","Dexter",https://www.imdb.com/title/tt0773262,TV Series,8.6,60,2006,"Crime, Drama, Mystery, Thriller",936303,"2006-10-01",
tt16431330,9,2025-07-10,"A Nice Indian Boy","A Nice Indian Boy",https://www.imdb.com/title/tt16431330,Movie,7.3,96,2024,"Comedy, Drama, Romance",7963,"2025-07-10","Roshan Sethi"
tt0365737,6,2025-07-07,"Syriana","Syriana",https://www.imdb.com/title/tt0365737,Movie,6.8,128,2005,"Drama, Thriller",138665,"2005-12-09","Stephen Gaghan"
tt20969586,7,2025-07-04,"Thunderbolts*","Thunderbolts*",https://www.imdb.com/title/tt20969586,Movie,7.1,127,2025,"Action, Adventure, Sci-Fi, Crime, Drama, Fantasy",280376,"2025-05-02","Jake Schreier"
tt4196776,5,2025-07-02,"Jason Bourne","Jason Bourne",https://www.imdb.com/title/tt4196776,Movie,6.6,123,2016,"Action, Thriller",257837,"2016-07-29","Paul Greengrass"
tt0372183,8,2025-06-30,"The Bourne Supremacy","The Bourne Supremacy",https://www.imdb.com/title/tt0372183,Movie,7.7,108,2004,"Thriller, Action, Mystery",513697,"2004-07-23","Paul Greengrass"
tt1194173,6,2025-06-30,"The Bourne Legacy","The Bourne Legacy",https://www.imdb.com/title/tt1194173,Movie,6.6,135,2012,"Action, Adventure, Thriller",328612,"2012-08-10","Tony Gilroy"
tt0440963,9,2025-06-28,"The Bourne Ultimatum","The Bourne Ultimatum",https://www.imdb.com/title/tt0440963,Movie,8.0,115,2007,"Action, Thriller, Mystery",684617,"2007-08-03","Paul Greengrass"
tt0258463,8,2025-06-25,"The Bourne Identity","The Bourne Identity",https://www.imdb.com/title/tt0258463,Movie,7.8,119,2002,"Mystery, Thriller, Action",614421,"2002-06-14","Doug Liman"
tt7068946,7,2025-06-12,"The Accountant 2","The Accountant 2",https://www.imdb.com/title/tt7068946,Movie,6.6,132,2025,"Thriller, Action, Crime, Drama, Mystery",130086,"2025-04-25","Gavin O'Connor"
tt9253284,9,2025-05-28,"Andor","Andor",https://www.imdb.com/title/tt9253284,TV Series,8.6,60,2022,"Sci-Fi, Thriller, Adventure, Fantasy, Drama",277285,"2022-09-21",
tt32768323,7,2025-05-13,"The Assessment","The Assessment",https://www.imdb.com/title/tt32768323,Movie,6.6,114,2024,"Sci-Fi, Drama",23684,"2025-04-08","Fleur Fortune"
tt6751668,10,2025-05-10,"Parasite","Gisaengchung",https://www.imdb.com/title/tt6751668,Movie,8.5,132,2019,"Drama, Thriller",1165951,"2019-11-08","Bong Joon Ho"
tt0088247,8,2025-05-07,"The Terminator","The Terminator",https://www.imdb.com/title/tt0088247,Movie,8.1,107,1984,"Action, Adventure, Sci-Fi",1005913,"1984-10-26","James Cameron"
tt5834204,6,2025-05-05,"The Handmaid's Tale","The Handmaid's Tale",https://www.imdb.com/title/tt5834204,TV Series,8.3,60,2017,"Drama, Thriller, Sci-Fi",298534,"2017-04-26",
tt7335184,4,2025-05-05,"You","You",https://www.imdb.com/title/tt7335184,TV Series,7.6,45,2018,"Drama, Crime, Thriller, Romance",368159,"2018-09-09",
tt0101761,8,2025-05-02,"The Doors","The Doors",https://www.imdb.com/title/tt0101761,Movie,7.2,140,1991,"Music, Biography, Drama",107219,"1991-03-01","Oliver Stone"
tt1821549,8,2025-04-27,"Nebraska","Nebraska",https://www.imdb.com/title/tt1821549,Movie,7.7,115,2013,"Drama",128689,"2014-01-24","Alexander Payne"
tt15747176,10,2025-04-19,"The Last of Us: When We Are in Need","The Last of Us: When We Are in Need",https://www.imdb.com/title/tt15747176,TV Episode,9.2,51,2023,"Adventure, Horror, Drama, Thriller, Sci-Fi, Action",68413,"2023-03-05","Ali Abbasi"
tt18412256,9,2025-04-13,"Alien: Romulus","Alien: Romulus",https://www.imdb.com/title/tt18412256,Movie,7.1,119,2024,"Horror, Sci-Fi, Thriller",288024,"2024-08-16","Fede Alvarez"
tt0088286,8,2025-04-05,"Top Secret!","Top Secret!",https://www.imdb.com/title/tt0088286,Movie,7.2,90,1984,"Music, Crime, Comedy",82558,"1984-06-22","Jim Abrahams,David Zucker,Jerry Zucker"
tt27672725,9,2025-04-02,"The Milky Way","Milk",https://www.imdb.com/title/tt27672725,Movie,6.4,98,2023,"Drama",111,"2025-12-16","Maya Kenig"
tt7737224,7,2025-03-31,"Turtles All the Way Down","Turtles All the Way Down",https://www.imdb.com/title/tt7737224,Movie,6.6,111,2024,"Drama, Romance, Mystery",8943,"2024-05-02","Hannah Marks"
tt3881784,8,2025-03-30,"Stronger","Stronger",https://www.imdb.com/title/tt3881784,Movie,6.9,119,2017,"Drama, Biography",54017,"2017-09-29","David Gordon Green"
tt1596345,9,2025-03-15,"Pawn Sacrifice","Pawn Sacrifice",https://www.imdb.com/title/tt1596345,Movie,7.0,115,2014,"Drama, Biography, Sport, Thriller, History",54282,"2015-09-25","Edward Zwick"
tt12299608,7,2025-03-13,"Mickey 17","Mickey 17",https://www.imdb.com/title/tt12299608,Movie,6.7,137,2025,"Sci-Fi, Adventure, Fantasy, Comedy",247471,"2025-03-07","Bong Joon Ho"
tt0200276,9,2025-03-11,"The West Wing","The West Wing",https://www.imdb.com/title/tt0200276,TV Series,8.9,42,1999,"Drama",99486,"1999-09-22",
tt30319503,9,2025-03-08,"Dìdi","Dìdi",https://www.imdb.com/title/tt30319503,Movie,7.3,93,2024,"Comedy, Drama",16079,"2024-08-16","Sean Wang"
tt9071322,8,2025-03-04,"Dark Waters","Dark Waters",https://www.imdb.com/title/tt9071322,Movie,7.6,126,2019,"Drama, Biography, History, Thriller",121753,"2019-12-06","Todd Haynes"
tt26584495,8,2025-02-18,"Companion","Companion",https://www.imdb.com/title/tt26584495,Movie,6.9,97,2025,"Thriller, Sci-Fi",177479,"2025-01-31","Drew Hancock"
tt30057084,6,2025-02-11,"Babygirl","Babygirl",https://www.imdb.com/title/tt30057084,Movie,5.7,114,2024,"Thriller, Drama, Romance",81607,"2024-12-25","Halina Reijn"
tt11563598,8,2025-02-08,"A Complete Unknown","A Complete Unknown",https://www.imdb.com/title/tt11563598,Movie,7.3,141,2024,"Biography, Drama, Music",117914,"2024-12-25","James Mangold"
tt9218128,7,2025-02-07,"Gladiator II","Gladiator II",https://www.imdb.com/title/tt9218128,Movie,6.4,148,2024,"Adventure, Drama",299855,"2024-11-22","Ridley Scott"
tt24176060,7,2025-02-01,"Queer","Queer",https://www.imdb.com/title/tt24176060,Movie,6.3,137,2024,"Drama, Biography, History, Romance",30017,"2025-03-29","Luca Guadagnino"
tt4772188,9,2025-01-30,"Flow","Straume",https://www.imdb.com/title/tt4772188,Movie,7.8,85,2024,"Animation, Adventure, Fantasy, Family",136110,"2025-02-14","Gints Zilbalodis"
tt3297330,6,2025-01-27,"Good Kill","Good Kill",https://www.imdb.com/title/tt3297330,Movie,6.4,102,2014,"Thriller, Drama, War",25887,"2015-05-15","Andrew Niccol"
tt30953759,9,2025-01-25,"No Other Land","No Other Land",https://www.imdb.com/title/tt30953759,Movie,8.2,92,2024,"Documentary",43062,"2025-10-20","Yuval Abraham,Basel Adra,Hamdan Ballal,Rachel Szor"
tt2316204,6,2025-01-21,"Alien: Covenant","Alien: Covenant",https://www.imdb.com/title/tt2316204,Movie,6.4,122,2017,"Sci-Fi, Thriller, Horror",345334,"2017-05-19","Ridley Scott"
tt7888964,9,2025-01-20,"Nobody","Nobody",https://www.imdb.com/title/tt7888964,Movie,7.4,92,2021,"Action, Crime, Thriller, Drama",394606,"2021-03-26","Ilya Naishuller"
tt1446714,8,2025-01-18,"Prometheus","Prometheus",https://www.imdb.com/title/tt1446714,Movie,7.0,124,2012,"Adventure, Sci-Fi",700424,"2012-06-08","Ridley Scott"
tt23770030,8,2025-01-11,"Memoir of a Snail","Memoir of a Snail",https://www.imdb.com/title/tt23770030,Movie,7.8,95,2024,"Animation, Drama",25571,"2025-07-29","Adam Elliot"
tt21823606,9,2025-01-11,"A Real Pain","A Real Pain",https://www.imdb.com/title/tt21823606,Movie,7.0,90,2024,"Comedy, Drama",150017,"2024-11-15","Jesse Eisenberg"
tt30835055,4,2025-01-10,"Hunting Daze","Jour de chasse",https://www.imdb.com/title/tt30835055,Movie,5.2,79,2024,"Mystery, Thriller",729,"2025-01-14","Annick Blanc"
tt13086266,8,2025-01-09,"Concrete Utopia","Konkeuriteu yutopia",https://www.imdb.com/title/tt13086266,Movie,6.6,130,2023,"Drama, Sci-Fi, Thriller, Adventure, Action",9220,"2023-12-15","Taehwa Um"
tt24169886,6,2025-01-07,"The Instigators","The Instigators",https://www.imdb.com/title/tt24169886,Movie,6.2,101,2024,"Crime, Drama, Mystery, Thriller, Action, Comedy",43775,"2024-08-09","Doug Liman"
tt5040012,9,2025-01-05,"Nosferatu","Nosferatu",https://www.imdb.com/title/tt5040012,Movie,7.1,132,2024,"Horror, Fantasy, Mystery",266666,"2024-12-25","Robert Eggers"
tt12810074,6,2025-01-02,"Nightbitch","Nightbitch",https://www.imdb.com/title/tt12810074,Movie,5.5,99,2024,"Comedy, Horror, Drama, Fantasy",24659,"2024-12-06","Marielle Heller"
tt1262426,7,2025-01-02,"Wicked","Wicked: Part I",https://www.imdb.com/title/tt1262426,Movie,7.3,160,2024,"Musical, Fantasy, Romance",238295,"2024-11-22","Jon M. Chu"
tt13453006,8,2024-12-28,"Red Rocket","Red Rocket",https://www.imdb.com/title/tt13453006,Movie,7.1,130,2021,"Comedy, Drama, Romance",43132,"2021-12-24","Sean Baker"
tt26625693,8,2024-12-27,"The Order","The Order",https://www.imdb.com/title/tt26625693,Movie,6.8,116,2024,"Crime, Thriller, Drama",62605,"2025-04-18","Justin Kurzel"
tt12412888,7,2024-12-26,"Sonic the Hedgehog 2","Sonic the Hedgehog 2",https://www.imdb.com/title/tt12412888,Movie,6.5,122,2022,"Action, Adventure, Comedy, Sci-Fi, Family, Fantasy",116714,"2022-04-08","Jeff Fowler"
tt0118583,4,2024-12-25,"Alien: Resurrection","Alien: Resurrection",https://www.imdb.com/title/tt0118583,Movie,6.2,109,1997,"Sci-Fi, Horror, Action",292447,"1997-11-26","Jean-Pierre Jeunet"
tt16419074,6,2024-12-24,"Air","Air",https://www.imdb.com/title/tt16419074,Movie,7.4,111,2023,"Drama, Sport",195470,"2023-04-05","Ben Affleck"
tt21382296,8,2024-12-22,"Carry-On","Carry-On",https://www.imdb.com/title/tt21382296,Movie,6.5,119,2024,"Action, Thriller, Crime",194433,"2024-12-13","Jaume Collet-Serra"
tt28607951,9,2024-12-20,"Anora","Anora",https://www.imdb.com/title/tt28607951,Movie,7.4,139,2024,"Drama, Comedy, Romance",281754,"2024-11-08","Sean Baker"
tt27403986,7,2024-12-14,"Juror #2","Juror #2",https://www.imdb.com/title/tt27403986,Movie,7.0,114,2024,"Thriller, Drama, Crime, Mystery",126100,"2024-12-20","Clint Eastwood"
tt28015403,8,2024-12-10,"Heretic","Heretic",https://www.imdb.com/title/tt28015403,Movie,7.0,111,2024,"Horror, Thriller",226813,"2024-11-08","Scott Beck,Bryan Woods"
tt17024450,7,2024-12-08,"The Equalizer 3","The Equalizer 3",https://www.imdb.com/title/tt17024450,Movie,6.8,109,2023,"Action, Crime, Thriller",161806,"2023-09-01","Antoine Fuqua"
tt20215234,9,2024-12-06,"Conclave","Conclave",https://www.imdb.com/title/tt20215234,Movie,7.4,120,2024,"Thriller, Drama",268454,"2024-10-25","Edward Berger"
tt19811010,9,2024-12-01,"The Remarkable Life of Ibelin","Ibelin",https://www.imdb.com/title/tt19811010,Movie,8.1,103,2024,"Animation, Documentary, Biography",14969,"2024-10-25","Benjamin Ree"
tt5112584,7,2024-12-01,"Lee","Lee",https://www.imdb.com/title/tt5112584,Movie,6.9,117,2023,"Biography, Drama, History, War",34867,"2024-09-13","Ellen Kuras"
tt0057012,10,2024-11-28,"Dr. Strangelove or: How I Learned to Stop Worrying and Love the Bomb","Dr. Strangelove or: How I Learned to Stop Worrying and Love the Bomb",https://www.imdb.com/title/tt0057012,Movie,8.3,95,1964,"War, Comedy",551718,"1964-01-29","Stanley Kubrick"
tt5918982,9,2024-11-25,"Possessor","Possessor",https://www.imdb.com/title/tt5918982,Movie,6.5,103,2020,"Thriller, Sci-Fi, Horror, Mystery",53888,"2020-10-02","Brandon Cronenberg"
tt18559464,8,2024-11-23,"My Old Ass","My Old Ass",https://www.imdb.com/title/tt18559464,Movie,6.9,89,2024,"Comedy, Drama, Romance, Fantasy",47375,"2024-09-27","Megan Park"
tt27131358,8,2024-11-22,"We Live in Time","We Live in Time",https://www.imdb.com/title/tt27131358,Movie,7.0,108,2024,"Drama, Romance",72510,"2024-10-18","John Crowley"
tt3315342,9,2024-11-19,"Logan","Logan",https://www.imdb.com/title/tt3315342,Movie,8.1,137,2017,"Action, Sci-Fi, Drama, Thriller",926826,"2017-03-03","James Mangold"
tt0172495,9,2024-11-15,"Gladiator","Gladiator",https://www.imdb.com/title/tt0172495,Movie,8.5,155,2000,"Action, Adventure, Drama",1851911,"2000-05-05","Ridley Scott"
tt10128846,5,2024-11-13,"Megalopolis","Francis Ford Coppola's Megalopolis: A Fable",https://www.imdb.com/title/tt10128846,Movie,4.7,138,2024,"Drama, Sci-Fi, Fantasy",42144,"2024-09-27","Francis Ford Coppola"
tt1951266,7,2024-11-10,"The Hunger Games: Mockingjay - Part 2","The Hunger Games: Mockingjay - Part 2",https://www.imdb.com/title/tt1951266,Movie,6.6,137,2015,"Sci-Fi, Thriller, Adventure, Action",414882,"2015-11-20","Francis Lawrence"
tt1951265,7,2024-11-09,"The Hunger Games: Mockingjay - Part 1","The Hunger Games: Mockingjay - Part 1",https://www.imdb.com/title/tt1951265,Movie,6.6,123,2014,"Sci-Fi, Adventure, Thriller, Action",546983,"2014-11-21","Francis Lawrence"
tt21097228,9,2024-11-08,"A Different Man","A Different Man",https://www.imdb.com/title/tt21097228,Movie,6.9,112,2024,"Thriller, Drama",38075,"2024-10-04","Aaron Schimberg"
tt17526714,9,2024-10-26,"The Substance","The Substance",https://www.imdb.com/title/tt17526714,Movie,7.2,141,2024,"Drama, Horror, Sci-Fi",430877,"2024-09-20","Coralie Fargeat"
tt7737800,7,2024-10-25,"Woman of the Hour","Woman of the Hour",https://www.imdb.com/title/tt7737800,Movie,6.6,95,2023,"Crime, Drama, Mystery",74979,"2024-10-18","Anna Kendrick"
tt8368368,9,2024-10-24,"The Apprentice","The Apprentice",https://www.imdb.com/title/tt8368368,Movie,7.1,122,2024,"Biography, Drama, History",73530,"2024-10-11","Ali Abbasi"
tt1160419,10,2024-10-22,"Dune: Part One","Dune: Part One",https://www.imdb.com/title/tt1160419,Movie,8.0,155,2021,"Sci-Fi, Adventure, Drama, Action",1053041,"2021-10-22","Denis Villeneuve"
tt3833480,9,2024-10-16,"The Outpost","The Outpost",https://www.imdb.com/title/tt3833480,Movie,6.9,123,2019,"Drama, War, History, Action",47947,"2020-07-03","Rod Lurie"
tt5177120,8,2024-10-10,"The Ministry of Ungentlemanly Warfare","The Ministry of Ungentlemanly Warfare",https://www.imdb.com/title/tt5177120,Movie,6.8,122,2024,"War, Action, Comedy",158944,"2024-04-19","Guy Ritchie"
tt0914863,7,2024-10-08,"Unthinkable","Unthinkable",https://www.imdb.com/title/tt0914863,Movie,7.0,97,2010,"Drama, Thriller, Crime",100396,"2010-05-26","Gregor Jordan"
tt14257582,7,2024-10-05,"Wolfs","Wolfs",https://www.imdb.com/title/tt14257582,Movie,6.5,108,2024,"Thriller, Crime, Comedy, Action",104475,"2024-09-27","Jon Watts"
tt15671028,7,2024-10-02,"No Hard Feelings","No Hard Feelings",https://www.imdb.com/title/tt15671028,Movie,6.3,103,2023,"Comedy, Romance",216813,"2023-06-23","Gene Stupnitsky"
tt11301886,8,2024-09-30,"Rebel Ridge","Rebel Ridge",https://www.imdb.com/title/tt11301886,Movie,6.8,131,2024,"Thriller, Action, Crime, Drama",102888,"2024-09-06","Jeremy Saulnier"
tt8980602,8,2024-09-09,"The Kid Detective","The Kid Detective",https://www.imdb.com/title/tt8980602,Movie,7.0,100,2020,"Comedy, Drama, Mystery, Crime",25533,"2020-10-16","Evan Morgan"
tt5109784,6,2024-09-06,"Mother!","Mother!",https://www.imdb.com/title/tt5109784,Movie,6.6,121,2017,"Drama, Mystery, Horror",268578,"2017-09-15","Darren Aronofsky"
tt20859464,7,2024-08-31,"The Artifice Girl","The Artifice Girl",https://www.imdb.com/title/tt20859464,Movie,6.6,93,2022,"Sci-Fi, Mystery, Thriller",13208,"2023-04-27","Franklin Ritch"
tt0081633,8,2024-08-26,"Time Bandits","Time Bandits",https://www.imdb.com/title/tt0081633,Movie,6.9,110,1981,"Sci-Fi, Comedy, Adventure, Fantasy",74291,"1981-11-06","Terry Gilliam"
tt0097165,9,2024-08-24,"Dead Poets Society","Dead Poets Society",https://www.imdb.com/title/tt0097165,Movie,8.1,128,1989,"Comedy, Drama",653919,"1989-06-09","Peter Weir"
tt11198810,9,2024-08-23,"She Said","She Said",https://www.imdb.com/title/tt11198810,Movie,7.3,129,2022,"Drama, History, Crime",49483,"2022-11-18","Maria Schrader"
tt2096673,10,2024-08-21,"Inside Out","Inside Out",https://www.imdb.com/title/tt2096673,Movie,8.1,95,2015,"Animation, Comedy, Family, Adventure, Drama, Fantasy",916328,"2015-06-19","Pete Docter,Ronnie Del Carmen"
tt12584954,7,2024-08-17,"Twisters","Twisters",https://www.imdb.com/title/tt12584954,Movie,6.5,122,2024,"Action, Adventure, Thriller",195915,"2024-07-19","Lee Isaac Chung"
tt13403046,7,2024-08-10,"Fresh","Fresh",https://www.imdb.com/title/tt13403046,Movie,6.7,114,2022,"Thriller, Horror, Comedy, Romance",92993,"2022-03-04","Mimi Cave"
tt0072684,8,2024-08-09,"Barry Lyndon","Barry Lyndon",https://www.imdb.com/title/tt0072684,Movie,8.1,185,1975,"Adventure, War, Drama",205122,"1975-12-18","Stanley Kubrick"
tt13433802,7,2024-08-06,"A Quiet Place: Day One","A Quiet Place: Day One",https://www.imdb.com/title/tt13433802,Movie,6.3,99,2024,"Drama, Horror, Sci-Fi, Thriller",177135,"2024-06-28","Michael Sarnoski"
tt6263850,8,2024-08-02,"Deadpool & Wolverine","Deadpool & Wolverine",https://www.imdb.com/title/tt6263850,Movie,7.5,128,2024,"Action, Comedy, Sci-Fi, Adventure",569835,"2024-07-26","Shawn Levy"
tt1430132,8,2024-07-30,"The Wolverine","The Wolverine",https://www.imdb.com/title/tt1430132,Movie,6.7,126,2013,"Action, Sci-Fi",524114,"2013-07-26","James Mangold"
tt0458525,6,2024-07-23,"X-Men Origins: Wolverine","X-Men Origins: Wolverine",https://www.imdb.com/title/tt0458525,Movie,6.5,107,2009,"Action, Sci-Fi",568180,"2009-05-01","Gavin Hood"
tt0353969,9,2024-07-20,"Memories of Murder","Salinui chueok",https://www.imdb.com/title/tt0353969,Movie,8.1,131,2003,"Mystery, Crime, Drama, Thriller",267336,"2003-05-02","Bong Joon Ho"
tt21276958,7,2024-07-19,"Babes","Babes",https://www.imdb.com/title/tt21276958,Movie,6.3,104,2024,"Comedy",7313,"2024-05-17","Pamela Adlon"
tt8236336,7,2024-07-19,"The Report","The Report",https://www.imdb.com/title/tt8236336,Movie,7.2,119,2019,"Drama, Thriller, Biography, History, Crime",56814,"2019-11-15","Scott Z. Burns"
tt14404618,7,2024-07-14,"The Sympathizer","The Sympathizer",https://www.imdb.com/title/tt14404618,TV Mini Series,6.8,60,2024,"Drama, History, Thriller, War, Comedy",9567,"2024-04-14",
tt24082438,9,2024-07-06,"20 Days in Mariupol","20 Days in Mariupol",https://www.imdb.com/title/tt24082438,Movie,8.6,97,2023,"Documentary, War",52419,"2023-11-21","Mstyslav Chernov"
tt0084787,10,2024-07-05,"The Thing","The Thing",https://www.imdb.com/title/tt0084787,Movie,8.2,109,1982,"Mystery, Sci-Fi, Horror",527340,"1982-06-25","John Carpenter"
tt14454876,6,2024-07-01,"Golda","Golda",https://www.imdb.com/title/tt14454876,Movie,6.0,100,2023,"Biography, Drama, War, History",15250,"2023-08-25","Guy Nattiv"
tt13521006,7,2024-07-01,"Beau Is Afraid","Beau Is Afraid",https://www.imdb.com/title/tt13521006,Movie,6.6,179,2023,"Drama, Comedy, Thriller, Horror",78837,"2023-04-21","Ari Aster"
tt12037194,9,2024-06-26,"Furiosa: A Mad Max Saga","Furiosa: A Mad Max Saga",https://www.imdb.com/title/tt12037194,Movie,7.5,148,2024,"Action, Adventure, Sci-Fi",320464,"2024-05-24","George Miller"
tt0413893,7,2024-06-25,"The Taste of Tea","Cha no aji",https://www.imdb.com/title/tt0413893,Movie,7.6,143,2004,"Comedy, Fantasy",7917,"2005-04-20","Katsuhito Ishii"
tt21440780,8,2024-06-19,"How to Blow Up a Pipeline","How to Blow Up a Pipeline",https://www.imdb.com/title/tt21440780,Movie,6.9,104,2022,"Drama, Thriller, Crime, Action",12477,"2023-04-07","Daniel Goldhaber"
tt2013293,6,2024-06-16,"The Wind Rises","Kaze tachinu",https://www.imdb.com/title/tt2013293,Movie,7.8,126,2013,"Animation, Biography, Drama, Romance, War, History",113249,"2014-02-21","Hayao Miyazaki"
tt20215968,7,2024-06-14,"Hit Man","Hit Man",https://www.imdb.com/title/tt20215968,Movie,6.8,115,2023,"Comedy, Crime, Romance",131271,"2024-06-07","Richard Linklater"
tt30319533,3,2024-06-14,"Stress Positions","Stress Positions",https://www.imdb.com/title/tt30319533,Movie,5.0,95,2024,"Comedy",733,"2024-04-19","Theda Hammel"
tt1684562,7,2024-06-07,"The Fall Guy","The Fall Guy",https://www.imdb.com/title/tt1684562,Movie,6.8,126,2024,"Action, Drama, Comedy, Romance",264511,"2024-05-03","David Leitch"
tt17279496,8,2024-05-30,"Civil War","Civil War",https://www.imdb.com/title/tt17279496,Movie,7.0,109,2024,"Action, Thriller, War",269092,"2024-04-12","Alex Garland"
tt6053438,9,2024-05-21,"First Reformed","First Reformed",https://www.imdb.com/title/tt6053438,Movie,7.1,113,2017,"Drama, Thriller, Mystery",67729,"2018-06-08","Paul Schrader"
tt3450958,9,2024-05-20,"War for the Planet of the Apes","War for the Planet of the Apes",https://www.imdb.com/title/tt3450958,Movie,7.4,140,2017,"Animation, Action, Drama, Sci-Fi, Adventure, Thriller",327068,"2017-07-14","Matt Reeves"
tt16426418,7,2024-05-18,"Challengers","Challengers",https://www.imdb.com/title/tt16426418,Movie,7.0,131,2024,"Drama, Romance, Sport, Comedy",179067,"2024-04-26","Luca Guadagnino"
tt17009710,9,2024-05-17,"Anatomy of a Fall","Anatomie d'une chute",https://www.imdb.com/title/tt17009710,Movie,7.6,151,2023,"Drama, Thriller, Crime, Mystery",219648,"2024-03-22","Justine Triet"
tt2103281,10,2024-05-16,"Dawn of the Planet of the Apes","Dawn of the Planet of the Apes",https://www.imdb.com/title/tt2103281,Movie,7.6,130,2014,"Animation, Action, Adventure, Drama, Sci-Fi, Thriller",511714,"2014-07-11","Matt Reeves"
tt23289160,9,2024-05-13,"Godzilla Minus One","Gojira Mainasu Wan",https://www.imdb.com/title/tt23289160,Movie,7.7,124,2023,"Action, Adventure, Sci-Fi, Horror, Drama",213101,"2023-12-01","Takashi Yamazaki"
tt23137390,8,2024-05-11,"Immaculate","Immaculate",https://www.imdb.com/title/tt23137390,Movie,5.8,89,2024,"Horror, Thriller",61053,"2024-03-22","Michael Mohan"
tt1883092,8,2024-05-10,"Generation War","Unsere Mütter, unsere Väter",https://www.imdb.com/title/tt1883092,TV Mini Series,8.4,90,2013,"Drama, War, History, Action",35266,"2014-05-06",
tt0257044,8,2024-05-06,"Road to Perdition","Road to Perdition",https://www.imdb.com/title/tt0257044,Movie,7.6,117,2002,"Thriller, Crime, Drama",300860,"2002-07-12","Sam Mendes"
tt13649112,6,2024-05-06,"Baby Reindeer","Baby Reindeer",https://www.imdb.com/title/tt13649112,TV Mini Series,7.7,30,2024,"Biography, Drama, Comedy",191995,"2024-04-11",
tt6718170,7,2024-05-01,"The Super Mario Bros. Movie","The Super Mario Bros. Movie",https://www.imdb.com/title/tt6718170,Movie,7.0,92,2023,"Animation, Adventure, Family, Comedy, Fantasy",295757,"2023-04-05","Aaron Horvath,Michael Jelenic,Pierre Leduc,Fabien Polack"
tt2140479,5,2024-04-30,"The Accountant","The Accountant",https://www.imdb.com/title/tt2140479,Movie,7.3,128,2016,"Thriller, Action, Crime, Drama",396807,"2016-10-14","Gavin O'Connor"
tt0140352,8,2024-04-29,"The Insider","The Insider",https://www.imdb.com/title/tt0140352,Movie,7.8,157,1999,"Biography, History, Drama, Thriller",192585,"1999-11-05","Michael Mann"
tt11016042,9,2024-04-27,"Ripley","Ripley",https://www.imdb.com/title/tt11016042,TV Mini Series,8.1,60,2024,"Crime, Drama, Thriller",68215,"2024-04-04",
tt12637874,9,2024-04-27,"Fallout","Fallout",https://www.imdb.com/title/tt12637874,TV Series,8.3,60,2024,"Action, Adventure, Drama, Sci-Fi",393285,"2024-04-10",
tt9214772,8,2024-04-26,"Monkey Man","Monkey Man",https://www.imdb.com/title/tt9214772,Movie,6.8,121,2024,"Thriller, Action, Crime",99991,"2024-04-05","Dev Patel"
tt11057302,4,2024-04-25,"Madame Web","Madame Web",https://www.imdb.com/title/tt11057302,Movie,4.1,116,2024,"Action, Thriller",115330,"2024-02-14","S.J. Clarkson"
tt9636732,7,2024-04-24,"Israelism","Israelism",https://www.imdb.com/title/tt9636732,Movie,7.6,84,2023,"Documentary, War",5610,"2024-06-07","Erin Axelman,Sam Eilertsen"
tt0100403,6,2024-04-22,"Predator 2","Predator 2",https://www.imdb.com/title/tt0100403,Movie,6.3,108,1990,"Sci-Fi, Horror, Action",202425,"1990-11-21","Stephen Hopkins"
tt3766354,5,2024-04-11,"The Equalizer 2","The Equalizer 2",https://www.imdb.com/title/tt3766354,Movie,6.7,121,2018,"Action, Crime, Thriller, Mystery",229586,"2018-07-20","Antoine Fuqua"
tt27713897,8,2024-04-08,"Arnold","Arnold",https://www.imdb.com/title/tt27713897,TV Mini Series,8.0,60,2023,"Documentary, Biography",24013,"2023-06-07",
tt1881002,6,2024-04-07,"Maggie","Maggie",https://www.imdb.com/title/tt1881002,Movie,5.6,95,2015,"Drama, Horror, Sci-Fi",48887,"2015-05-08","Henry Hobson"
tt2053463,8,2024-04-02,"Side Effects","Side Effects",https://www.imdb.com/title/tt2053463,Movie,7.0,106,2013,"Thriller, Crime, Drama, Mystery",205548,"2013-02-08","Steven Soderbergh"
tt23736044,9,2024-03-31,"Monster","Kaibutsu",https://www.imdb.com/title/tt23736044,Movie,7.8,127,2023,"Drama, Thriller, Mystery",41701,"2023-11-22","Hirokazu Koreeda"
tt8589698,9,2024-03-27,"Teenage Mutant Ninja Turtles: Mutant Mayhem","Teenage Mutant Ninja Turtles: Mutant Mayhem",https://www.imdb.com/title/tt8589698,Movie,7.2,99,2023,"Animation, Adventure, Comedy, Crime, Sci-Fi, Family, Fantasy, Action",78113,"2023-08-02","Jeff Rowe,Kyler Spears"
tt10451852,6,2024-03-25,"Nine Days","Nine Days",https://www.imdb.com/title/tt10451852,Movie,6.8,124,2020,"Drama, Fantasy",13654,"2021-07-30","Edson Oda"
tt3581920,9,2024-03-24,"The Last of Us","The Last of Us",https://www.imdb.com/title/tt3581920,TV Series,8.5,50,2023,"Adventure, Horror, Drama, Thriller, Sci-Fi, Action",737852,"2023-01-15",
tt15314262,7,2024-03-22,"The Beekeeper","The Beekeeper",https://www.imdb.com/title/tt15314262,Movie,6.3,105,2024,"Thriller, Action, Crime",180652,"2024-01-12","David Ayer"
tt0120815,10,2024-03-21,"Saving Private Ryan","Saving Private Ryan",https://www.imdb.com/title/tt0120815,Movie,8.6,169,1998,"Drama, War",1640798,"1998-07-24","Steven Spielberg"
tt14044212,9,2024-03-19,"Mr. & Mrs. Smith","Mr. & Mrs. Smith",https://www.imdb.com/title/tt14044212,TV Series,7.0,45,2024,"Action, Comedy, Crime, Thriller, Drama",54442,"2024-02-02",
tt0106977,9,2024-03-14,"The Fugitive","The Fugitive",https://www.imdb.com/title/tt0106977,Movie,7.8,130,1993,"Crime, Action, Mystery, Drama, Thriller",346868,"1993-08-06","Andrew Davis"
tt1736633,9,2024-03-12,"Oslo, August 31st","Oslo, 31. august",https://www.imdb.com/title/tt1736633,Movie,7.6,95,2011,"Drama",34123,"2011-08-31","Joachim Trier"
tt4513678,7,2024-03-11,"Ghostbusters: Afterlife","Ghostbusters: Afterlife",https://www.imdb.com/title/tt4513678,Movie,7.0,124,2021,"Comedy, Fantasy, Adventure, Sci-Fi",241197,"2021-11-19","Jason Reitman"
tt27503384,8,2024-03-09,"Perfect Days","Perfect Days",https://www.imdb.com/title/tt27503384,Movie,7.9,124,2023,"Drama",105839,"2023-12-21","Wim Wenders"
tt1615147,7,2024-03-03,"Margin Call","Margin Call",https://www.imdb.com/title/tt1615147,Movie,7.1,107,2011,"Thriller, Drama",162297,"2011-09-29","J.C. Chandor"
tt15239678,10,2024-03-01,"Dune: Part Two","Dune: Part Two",https://www.imdb.com/title/tt15239678,Movie,8.4,166,2024,"Adventure, Drama, Sci-Fi, Action",751283,"2024-03-01","Denis Villeneuve"
tt1714210,7,2024-02-27,"Weekend","Weekend",https://www.imdb.com/title/tt1714210,Movie,7.6,97,2011,"Drama, Romance",34618,"2011-11-04","Andrew Haigh"
tt0072890,10,2024-02-25,"Dog Day Afternoon","Dog Day Afternoon",https://www.imdb.com/title/tt0072890,Movie,8.0,125,1975,"Thriller, Biography, Crime, Drama",292806,"1975-12-25","Sidney Lumet"
tt5592248,7,2024-02-24,"The Beguiled","The Beguiled",https://www.imdb.com/title/tt5592248,Movie,6.3,93,2017,"Drama, Thriller, War, History, Western",66188,"2017-06-30","Sofia Coppola"
tt7160372,9,2024-02-23,"The Zone of Interest","The Zone of Interest",https://www.imdb.com/title/tt7160372,Movie,7.3,105,2023,"Drama, History, War",176238,"2024-02-20","Jonathan Glazer"
tt1213641,8,2024-02-22,"First Man","First Man",https://www.imdb.com/title/tt1213641,Movie,7.3,141,2018,"Drama, Biography, History",216970,"2018-10-12","Damien Chazelle"
tt0073195,9,2024-02-20,"Jaws","Jaws",https://www.imdb.com/title/tt0073195,Movie,8.1,124,1975,"Adventure, Horror, Drama, Thriller",738265,"1975-06-20","Steven Spielberg"
tt0067023,8,2024-02-18,"Duel","Duel",https://www.imdb.com/title/tt0067023,TV Movie,7.6,90,1971,"Action, Thriller",86421,"1971-11-13","Steven Spielberg"
tt4649466,7,2024-02-17,"Kingsman: The Golden Circle","Kingsman: The Golden Circle",https://www.imdb.com/title/tt4649466,Movie,6.7,141,2017,"Action, Adventure, Comedy, Crime, Thriller",401888,"2017-09-22","Matthew Vaughn"
tt6048922,8,2024-02-17,"Greyhound","Greyhound",https://www.imdb.com/title/tt6048922,Movie,7.0,91,2020,"Drama, War, History, Action",133813,"2020-07-10","Aaron Schneider"
tt5073642,6,2024-02-16,"Color Out of Space","Color Out of Space",https://www.imdb.com/title/tt5073642,Movie,6.1,111,2019,"Horror, Sci-Fi, Mystery, Thriller",64974,"2020-02-25","Richard Stanley"
tt23561236,8,2024-02-13,"American Fiction","American Fiction",https://www.imdb.com/title/tt23561236,Movie,7.5,117,2023,"Drama, Comedy",142622,"2023-12-22","Cord Jefferson"
tt1392190,10,2024-02-13,"Mad Max: Fury Road","Mad Max: Fury Road",https://www.imdb.com/title/tt1392190,Movie,8.1,120,2015,"Action, Adventure, Sci-Fi",1207317,"2015-05-15","George Miller"
tt6166392,8,2024-02-10,"Wonka","Wonka",https://www.imdb.com/title/tt6166392,Movie,6.9,116,2023,"Musical, Comedy, Adventure, Family, Fantasy",193753,"2023-12-15","Paul King"
tt13651794,8,2024-02-09,"May December","May December",https://www.imdb.com/title/tt13651794,Movie,6.7,117,2023,"Drama, Comedy",73096,"2023-12-01","Todd Haynes"
tt26047818,4,2024-02-09,"Anyone But You","Anyone But You",https://www.imdb.com/title/tt26047818,Movie,6.1,103,2023,"Comedy, Romance",173701,"2023-12-22","Will Gluck"
tt24068064,8,2024-02-08,"Reality","Reality",https://www.imdb.com/title/tt24068064,Movie,6.7,83,2023,"Drama",30467,"2023-05-29","Tina Satter"
tt22890246,9,2024-02-06,"How to Have Sex","How to Have Sex",https://www.imdb.com/title/tt22890246,Movie,6.4,91,2023,"Drama",23022,"2024-04-05","Molly Manning Walker"
tt16252698,8,2024-02-03,"Passages","Passages",https://www.imdb.com/title/tt16252698,Movie,6.6,91,2023,"Drama, Romance",14698,"2023-10-06","Ira Sachs"
tt6587046,8,2024-02-02,"The Boy and the Heron","Kimi-tachi wa dô ikiru ka",https://www.imdb.com/title/tt6587046,Movie,7.3,124,2023,"Animation, Adventure, Fantasy, Drama",135316,"2023-12-08","Hayao Miyazaki"
tt21192142,8,2024-01-28,"All of Us Strangers","All of Us Strangers",https://www.imdb.com/title/tt21192142,Movie,7.6,105,2023,"Drama, Romance",79188,"2023-12-22","Andrew Haigh"
tt14230458,10,2024-01-27,"Poor Things","Poor Things",https://www.imdb.com/title/tt14230458,Movie,7.7,141,2023,"Romance, Sci-Fi, Comedy, Drama",402168,"2023-12-22","Yorgos Lanthimos"
tt0374463,8,2024-01-27,"The Pacific","The Pacific",https://www.imdb.com/title/tt0374463,TV Mini Series,8.3,60,2010,"Drama, War, History, Action, Adventure",143865,"2010-03-14",
tt0095327,9,2024-01-20,"Grave of the Fireflies","Hotaru no haka",https://www.imdb.com/title/tt0095327,Movie,8.5,88,1988,"Animation, Drama, War",386275,"1989-07-26","Isao Takahata"
tt13968674,5,2024-01-19,"Fingernails","Fingernails",https://www.imdb.com/title/tt13968674,Movie,5.8,113,2023,"Drama, Sci-Fi, Romance",10577,"2023-11-03","Christos Nikou"
tt17351924,8,2024-01-18,"Saltburn","Saltburn",https://www.imdb.com/title/tt17351924,Movie,7.0,131,2023,"Thriller, Drama",266502,"2023-12-22","Emerald Fennell"
tt0103644,6,2024-01-07,"Alien³","Alien³",https://www.imdb.com/title/tt0103644,Movie,6.4,114,1992,"Action, Horror, Sci-Fi",352771,"1992-05-22","David Fincher"
tt17527468,8,2024-01-06,"Bottoms","Bottoms",https://www.imdb.com/title/tt17527468,Movie,6.7,91,2023,"Comedy",58021,"2024-02-14","Emma Seligman"
tt21942866,8,2024-01-06,"Dream Scenario","Dream Scenario",https://www.imdb.com/title/tt21942866,Movie,6.8,102,2023,"Comedy, Horror, Fantasy, Drama",94442,"2023-11-22","Kristoffer Borgli"
tt13238346,9,2024-01-06,"Past Lives","Past Lives",https://www.imdb.com/title/tt13238346,Movie,7.8,105,2023,"Drama, Romance",173395,"2023-06-23","Celine Song"
tt0375063,8,2024-01-06,"Sideways","Sideways",https://www.imdb.com/title/tt0375063,Movie,7.5,127,2004,"Comedy, Drama, Romance",217152,"2004-10-22","Alexander Payne"
tt13309742,10,2024-01-06,"Blue Eye Samurai","Blue Eye Samurai",https://www.imdb.com/title/tt13309742,TV Series,8.7,45,2023,"Animation, Action, Adventure, Drama, Thriller, History",104089,"2023-11-03",
tt0265086,10,2024-01-01,"Black Hawk Down","Black Hawk Down",https://www.imdb.com/title/tt0265086,Movie,7.7,144,2001,"Drama, Action, History, War",455158,"2002-01-18","Ridley Scott"
tt6742252,8,2023-12-30,"The Guilty","Den skyldige",https://www.imdb.com/title/tt6742252,Movie,7.5,85,2018,"Thriller, Crime, Drama",69291,"2018-10-19","Gustav Möller"
tt14849194,9,2023-12-29,"The Holdovers","The Holdovers",https://www.imdb.com/title/tt14849194,Movie,7.9,133,2023,"Comedy, Drama",256933,"2023-11-10","Alexander Payne"
tt4495098,8,2023-12-28,"Gran Turismo","Gran Turismo",https://www.imdb.com/title/tt4495098,Movie,7.1,134,2023,"Action, Adventure, Drama, Sport",135714,"2023-08-25","Neill Blomkamp"
tt0093870,9,2023-12-23,"RoboCop","RoboCop",https://www.imdb.com/title/tt0093870,Movie,7.6,102,1987,"Action, Crime, Thriller, Sci-Fi",309074,"1987-07-17","Paul Verhoeven"
tt11897478,6,2023-12-20,"The Stranger","The Stranger",https://www.imdb.com/title/tt11897478,Movie,6.6,117,2022,"Crime, Thriller, Drama",30680,"2022-10-19","Thomas M. Wright"
tt0446029,9,2023-12-19,"Scott Pilgrim vs. the World","Scott Pilgrim vs. the World",https://www.imdb.com/title/tt0446029,Movie,7.5,112,2010,"Action, Comedy, Romance, Fantasy",497066,"2010-08-13","Edgar Wright"
tt12262116,8,2023-12-17,"Thirteen Lives","Thirteen Lives",https://www.imdb.com/title/tt12262116,Movie,7.8,147,2022,"Biography, Drama, Thriller",79364,"2022-08-05","Ron Howard"
tt4873118,9,2023-12-11,"The Covenant","The Covenant",https://www.imdb.com/title/tt4873118,Movie,7.5,123,2023,"Action, Thriller, War, Drama",210502,"2023-04-21","Guy Ritchie"
tt5537002,8,2023-12-07,"Killers of the Flower Moon","Killers of the Flower Moon",https://www.imdb.com/title/tt5537002,Movie,7.5,206,2023,"Drama, Crime, History, Western",307884,"2023-10-20","Martin Scorsese"
tt27542448,9,2023-12-02,"Take Care of Maya","Take Care of Maya",https://www.imdb.com/title/tt27542448,Movie,7.7,103,2023,"Documentary",11740,"2023-06-19","Henry Roosevelt"
tt1172570,7,2023-12-01,"Bronson","Bronson",https://www.imdb.com/title/tt1172570,Movie,7.0,92,2008,"Action, Drama, Crime",149965,"2009-03-13","Nicolas Winding Refn"
tt22687790,7,2023-12-01,"A Haunting in Venice","A Haunting in Venice",https://www.imdb.com/title/tt22687790,Movie,6.5,103,2023,"Thriller, Crime, Drama, Mystery, Horror",141467,"2023-09-15","Kenneth Branagh"
tt4995776,7,2023-11-28,"The Red Sea Diving Resort","The Red Sea Diving Resort",https://www.imdb.com/title/tt4995776,Movie,6.6,129,2019,"Drama, History, Thriller",35164,"2019-07-31","Gideon Raff"
tt8847712,6,2023-11-25,"The French Dispatch","The French Dispatch of the Liberty, Kansas Evening Sun",https://www.imdb.com/title/tt8847712,Movie,7.1,107,2021,"Comedy, Drama, Romance",168099,"2021-10-22","Wes Anderson"
tt11858890,8,2023-11-22,"The Creator","The Creator",https://www.imdb.com/title/tt11858890,Movie,6.7,133,2023,"Action, Drama, Sci-Fi, Thriller, Adventure",198042,"2023-09-29","Gareth Edwards"
tt14230388,7,2023-11-17,"Asteroid City","Asteroid City",https://www.imdb.com/title/tt14230388,Movie,6.4,105,2023,"Comedy, Romance, Drama, Sci-Fi",144988,"2023-06-23","Wes Anderson"
tt1136617,7,2023-11-15,"The Killer","The Killer",https://www.imdb.com/title/tt1136617,Movie,6.7,118,2023,"Action, Thriller, Crime, Drama, Adventure",223917,"2023-11-10","David Fincher"
tt13327038,6,2023-11-03,"Do Revenge","Do Revenge",https://www.imdb.com/title/tt13327038,Movie,6.3,118,2022,"Comedy, Romance, Drama, Thriller",57134,"2022-09-16","Jennifer Kaytin Robinson"
tt11426232,7,2023-11-02,"Totally Killer","Totally Killer",https://www.imdb.com/title/tt11426232,Movie,6.5,106,2023,"Comedy, Horror, Sci-Fi, Mystery",69115,"2023-10-06","Nahnatchka Khan"
tt12477480,6,2023-11-01,"Decision to Leave","He-eo-jil gyeol-sim",https://www.imdb.com/title/tt12477480,Movie,7.3,139,2022,"Drama, Crime, Mystery, Romance, Thriller",69451,"2022-10-21","Park Chan-wook"
tt6791350,9,2023-10-29,"Guardians of the Galaxy Vol. 3","Guardians of the Galaxy Vol. 3",https://www.imdb.com/title/tt6791350,Movie,7.9,150,2023,"Action, Adventure, Sci-Fi, Comedy, Fantasy",472104,"2023-05-05","James Gunn"
tt9603212,9,2023-10-26,"Mission: Impossible - Dead Reckoning Part One","Mission: Impossible - Dead Reckoning Part One",https://www.imdb.com/title/tt9603212,Movie,7.6,163,2023,"Action, Adventure, Thriller",327925,"2023-07-12","Christopher McQuarrie"
tt11366674,9,2023-10-17,"Lola","LOLA",https://www.imdb.com/title/tt11366674,Movie,6.4,79,2022,"Sci-Fi, War",3873,"2023-04-07","Andrew Legge"
tt14509110,7,2023-10-02,"No One Will Save You","No One Will Save You",https://www.imdb.com/title/tt14509110,Movie,6.2,93,2023,"Horror, Sci-Fi, Thriller, Mystery",79623,"2023-09-22","Brian Duffield"
tt4846232,8,2023-09-29,"Good Time","Good Time",https://www.imdb.com/title/tt4846232,Movie,7.3,102,2017,"Crime, Drama, Thriller",156417,"2017-08-25","Benny Safdie,Josh Safdie"
tt0110005,9,2023-09-22,"Heavenly Creatures","Heavenly Creatures",https://www.imdb.com/title/tt0110005,Movie,7.2,99,1994,"Crime, Biography, Thriller, Drama",70948,"1994-10-14","Peter Jackson"
tt0092005,9,2023-09-19,"Stand by Me","Stand by Me",https://www.imdb.com/title/tt0092005,Movie,8.1,89,1986,"Drama, Adventure",488497,"1986-08-22","Rob Reiner"
tt7349950,8,2023-09-12,"It: Chapter Two","It: Chapter Two",https://www.imdb.com/title/tt7349950,Movie,6.5,169,2019,"Horror, Drama, Fantasy",355497,"2019-09-06","Andy Muschietti"
tt0307901,8,2023-09-11,"25th Hour","25th Hour",https://www.imdb.com/title/tt0307901,Movie,7.6,135,2002,"Drama",191605,"2003-01-10","Spike Lee"
tt3659388,9,2023-09-10,"The Martian","The Martian",https://www.imdb.com/title/tt3659388,Movie,8.0,144,2015,"Sci-Fi, Adventure, Drama",1014115,"2015-10-02","Ridley Scott"
tt1631867,9,2023-08-23,"Edge of Tomorrow","Edge of Tomorrow",https://www.imdb.com/title/tt1631867,Movie,7.9,113,2014,"Action, Sci-Fi, Adventure",805368,"2014-06-06","Doug Liman"
tt0063462,6,2023-08-18,"The Producers","The Producers",https://www.imdb.com/title/tt0063462,Movie,7.5,88,1967,"Music, Comedy",64897,"1968-11-10","Mel Brooks"
tt9883832,9,2023-08-16,"Moonage Daydream","Moonage Daydream",https://www.imdb.com/title/tt9883832,Movie,7.6,135,2022,"Documentary, Music, Biography",16477,"2023-04-29","Brett Morgen"
tt9362722,10,2023-08-13,"Spider-Man: Across the Spider-Verse","Spider-Man: Across the Spider-Verse",https://www.imdb.com/title/tt9362722,Movie,8.5,140,2023,"Animation, Action, Adventure, Sci-Fi, Fantasy, Family",525796,"2023-06-02","Joaquim Dos Santos,Kemp Powers,Justin K. Thompson"
tt0090728,7,2023-08-06,"Big Trouble in Little China","Big Trouble in Little China",https://www.imdb.com/title/tt0090728,Movie,7.2,99,1986,"Comedy, Adventure, Fantasy, Action",167483,"1986-07-02","John Carpenter"
tt2906216,8,2023-08-04,"Dungeons & Dragons: Honor Among Thieves","Dungeons & Dragons: Honor Among Thieves",https://www.imdb.com/title/tt2906216,Movie,7.2,134,2023,"Adventure, Fantasy, Action, Comedy",273939,"2023-03-31","John Francis Daley,Jonathan Goldstein"
tt10343028,8,2023-08-02,"Armageddon Time","Armageddon Time",https://www.imdb.com/title/tt10343028,Movie,6.4,114,2022,"Drama",17997,"2022-11-04","James Gray"
tt1667354,10,2023-07-29,"The Painted Bird","Nabarvené ptáce",https://www.imdb.com/title/tt1667354,Movie,7.3,169,2019,"Drama, War, Thriller, Horror",8638,"2020-07-17","Václav Marhoul"
tt10122392,8,2023-07-28,"Incitement","Incitement",https://www.imdb.com/title/tt10122392,Movie,7.1,123,2019,"Thriller",895,"2020-01-31","Yaron Zilberman"
tt11790674,6,2023-07-27,"Oslo","Oslo",https://www.imdb.com/title/tt11790674,TV Movie,6.7,118,2021,"Drama, History, Thriller",6048,"2021-05-29","Bartlett Sher"
tt14636186,9,2023-07-24,"The Venture Bros.: Radiant Is the Blood of the Baboon Heart","The Venture Bros.: Radiant Is the Blood of the Baboon Heart",https://www.imdb.com/title/tt14636186,Movie,7.9,83,2023,"Animation, Action, Adventure, Comedy, Fantasy, Sci-Fi",2858,"2023-07-21","Christopher McCulloch"
tt0439572,7,2023-07-20,"The Flash","The Flash",https://www.imdb.com/title/tt0439572,Movie,6.6,144,2023,"Action, Adventure, Fantasy, Sci-Fi",247733,"2023-06-16","Andy Muschietti"
tt4908644,9,2023-07-12,"Winter on Fire: Ukraine's Fight for Freedom","Winter on Fire: Ukraine's Fight for Freedom",https://www.imdb.com/title/tt4908644,Movie,8.3,102,2015,"Documentary, History",21487,"2015-10-09","Evgeny Afineevsky"
tt1210166,8,2023-07-04,"Moneyball","Moneyball",https://www.imdb.com/title/tt1210166,Movie,7.6,133,2011,"Drama, Sport, Biography",509573,"2011-09-23","Bennett Miller"
tt11247158,9,2023-07-03,"The Legend of Vox Machina","The Legend of Vox Machina",https://www.imdb.com/title/tt11247158,TV Series,8.4,30,2022,"Animation, Action, Adventure, Comedy, Fantasy",53920,"2022-01-28",
tt0317705,9,2023-07-01,"The Incredibles","The Incredibles",https://www.imdb.com/title/tt0317705,Movie,8.0,115,2004,"Animation, Action, Adventure, Family",901885,"2004-11-05","Brad Bird"
tt0212720,5,2023-06-27,"A.I. Artificial Intelligence","A.I. Artificial Intelligence",https://www.imdb.com/title/tt0212720,Movie,7.2,146,2001,"Drama, Adventure, Sci-Fi",339411,"2001-06-29","Steven Spielberg"
tt10954600,6,2023-06-16,"Ant-Man and the Wasp: Quantumania","Ant-Man and the Wasp: Quantumania",https://www.imdb.com/title/tt10954600,Movie,6.0,124,2023,"Animation, Action, Adventure, Comedy, Sci-Fi",270240,"2023-02-17","Peyton Reed"
tt1119644,9,2023-06-15,"Fringe","Fringe",https://www.imdb.com/title/tt1119644,TV Series,8.4,46,2008,"Drama, Mystery, Sci-Fi, Thriller",270511,"2008-09-09",
tt15109082,8,2023-06-14,"The Quiet Girl","An Cailín Ciúin",https://www.imdb.com/title/tt15109082,Movie,7.7,95,2022,"Drama",28923,"2022-05-13","Colm Bairéad"
tt5727208,9,2023-06-13,"Uncut Gems","Uncut Gems",https://www.imdb.com/title/tt5727208,Movie,7.4,135,2019,"Drama, Crime, Thriller",356804,"2019-12-25","Benny Safdie,Josh Safdie"
tt14544192,9,2023-06-09,"Bo Burnham: Inside","Bo Burnham: Inside",https://www.imdb.com/title/tt14544192,TV Special,8.6,87,2021,"Documentary, Comedy, Drama, Music",59597,"2021-05-30","Bo Burnham"
tt10633456,8,2023-06-09,"Minari","Minari",https://www.imdb.com/title/tt10633456,Movie,7.4,115,2020,"Drama",126148,"2021-02-12","Lee Isaac Chung"
tt14403178,9,2023-06-02,"Beef","Beef",https://www.imdb.com/title/tt14403178,TV Series,8.0,30,2023,"Comedy, Drama",172833,"2023-04-06",
tt21867434,8,2023-06-02,"BlackBerry","BlackBerry",https://www.imdb.com/title/tt21867434,Movie,7.3,120,2023,"Biography, History, Drama, Comedy",70162,"2023-11-13","Matt Johnson"
tt5013056,9,2023-06-01,"Dunkirk","Dunkirk",https://www.imdb.com/title/tt5013056,Movie,7.8,106,2017,"War, Drama, Action, History, Thriller",808236,"2017-07-21","Christopher Nolan"
tt14846026,7,2023-05-20,"Sisu","Sisu",https://www.imdb.com/title/tt14846026,Movie,6.9,91,2022,"Action, War, Thriller",122298,"2023-04-28","Jalmari Helander"
tt11471892,3,2023-05-19,"Landscapers","Landscapers",https://www.imdb.com/title/tt11471892,TV Mini Series,7.0,50,2021,"Comedy, Crime, Drama, Thriller",20259,"2021-12-06",
tt11358390,7,2023-05-08,"Renfield","Renfield",https://www.imdb.com/title/tt11358390,Movie,6.4,93,2023,"Comedy, Horror, Fantasy, Action",119897,"2023-04-14","Chris McKay"
tt0310775,9,2023-04-29,"Sympathy for Mr. Vengeance","Boksuneun naui geot",https://www.imdb.com/title/tt0310775,Movie,7.5,129,2002,"Thriller, Crime, Drama",81845,"2002-03-29","Park Chan-wook"
tt4016934,9,2023-04-25,"The Handmaiden","Ah-ga-ssi",https://www.imdb.com/title/tt4016934,Movie,8.1,145,2016,"Drama, Romance, Thriller",203727,"2017-09-02","Park Chan-wook"
tt13668894,5,2023-04-23,"The Book of Boba Fett","The Book of Boba Fett",https://www.imdb.com/title/tt13668894,TV Mini Series,7.1,50,2021,"Action, Adventure, Sci-Fi",209959,"2021-12-29",
tt1682180,8,2023-04-22,"Stoker","Stoker",https://www.imdb.com/title/tt1682180,Movie,6.7,99,2013,"Drama, Thriller, Mystery",120484,"2013-03-01","Park Chan-wook"
tt3704050,8,2023-04-18,"Remember","Remember",https://www.imdb.com/title/tt3704050,Movie,7.5,94,2015,"Thriller, Drama, Mystery",29843,"2015-12-17","Atom Egoyan"
tt10366206,9,2023-04-01,"John Wick: Chapter 4","John Wick: Chapter 4",https://www.imdb.com/title/tt10366206,Movie,7.6,169,2023,"Action, Crime, Thriller",411952,"2023-03-24","Chad Stahelski"
tt3967856,8,2023-03-29,"Okja","Okja",https://www.imdb.com/title/tt3967856,Movie,7.3,120,2017,"Animation, Adventure, Sci-Fi, Drama, Action",141960,"2017-06-28","Bong Joon Ho"
tt0985699,8,2023-03-08,"Valkyrie","Valkyrie",https://www.imdb.com/title/tt0985699,Movie,7.1,121,2008,"Thriller, War, Drama, History",275195,"2008-12-25","Bryan Singer"
tt10855768,8,2023-03-07,"Missing","Missing",https://www.imdb.com/title/tt10855768,Movie,7.1,111,2023,"Drama, Thriller, Mystery",71960,"2023-01-20","Nicholas D. Johnson,Will Merrick"
tt13833688,9,2023-02-25,"The Whale","The Whale",https://www.imdb.com/title/tt13833688,Movie,7.6,117,2022,"Drama",291776,"2022-12-21","Darren Aronofsky"
tt0093177,8,2023-02-24,"Hellraiser","Hellraiser",https://www.imdb.com/title/tt0093177,Movie,6.9,94,1987,"Thriller, Horror",154077,"1987-09-18","Clive Barker"
tt15679400,7,2023-02-22,"Knock at the Cabin","Knock at the Cabin",https://www.imdb.com/title/tt15679400,Movie,6.1,100,2023,"Thriller, Horror, Mystery",141661,"2023-02-03","M. Night Shyamalan"
tt13669038,8,2023-02-21,"Women Talking","Women Talking",https://www.imdb.com/title/tt13669038,Movie,6.9,104,2022,"Drama",72639,"2023-01-27","Sarah Polley"
tt7016254,8,2023-02-18,"Synonyms","Synonymes",https://www.imdb.com/title/tt7016254,Movie,6.3,123,2019,"Drama, Comedy",6592,"2019-10-25","Nadav Lapid"
tt10365998,8,2023-02-17,"Infinity Pool","Infinity Pool",https://www.imdb.com/title/tt10365998,Movie,6.0,117,2023,"Sci-Fi, Thriller, Horror, Mystery, Crime",73776,"2023-01-27","Brandon Cronenberg"
tt1977895,8,2023-02-15,"Resolution","Resolution",https://www.imdb.com/title/tt1977895,Movie,6.4,93,2012,"Horror, Mystery, Thriller, Drama",21749,"2013-01-23","Justin Benson,Aaron Moorhead"
tt8681148,9,2023-02-11,"This Is Going to Hurt","This Is Going to Hurt",https://www.imdb.com/title/tt8681148,TV Mini Series,8.3,347,2022,"Comedy, Drama, Biography",22614,"2022-06-02",
tt0106308,10,2023-02-08,"Army of Darkness","Army of Darkness",https://www.imdb.com/title/tt0106308,Movie,7.4,81,1992,"Comedy, Horror",208809,"1993-02-19","Sam Raimi"
tt0092991,10,2023-02-07,"Evil Dead II","Evil Dead II",https://www.imdb.com/title/tt0092991,Movie,7.6,84,1987,"Comedy, Horror",196541,"1987-03-13","Sam Raimi"
tt0083907,9,2023-02-05,"The Evil Dead","The Evil Dead",https://www.imdb.com/title/tt0083907,Movie,7.3,85,1981,"Horror",251719,"1983-04-15","Sam Raimi"
tt9639470,6,2023-02-04,"Last Night in Soho","Last Night in Soho",https://www.imdb.com/title/tt9639470,Movie,7.0,116,2021,"Horror, Thriller, Drama, Mystery",199822,"2021-10-29","Edgar Wright"
tt8129806,8,2023-02-03,"To Leslie","To Leslie",https://www.imdb.com/title/tt8129806,Movie,7.1,119,2022,"Drama",19515,"2022-10-07","Michael Morris"
tt3829920,7,2023-02-02,"Only the Brave","Only the Brave",https://www.imdb.com/title/tt3829920,Movie,7.6,134,2017,"Drama, Biography, Action",92049,"2017-10-20","Joseph Kosinski"
tt0119081,4,2023-02-01,"Event Horizon","Event Horizon",https://www.imdb.com/title/tt0119081,Movie,6.6,96,1997,"Sci-Fi, Thriller, Horror",215238,"1997-08-15","Paul W.S. Anderson"
tt1016150,8,2023-02-01,"All Quiet on the Western Front","Im Westen nichts Neues",https://www.imdb.com/title/tt1016150,Movie,7.8,148,2022,"Drama, History, War",325810,"2022-10-28","Edward Berger"
tt14500888,10,2023-01-31,"The Last of Us: Long, Long Time","The Last of Us: Long, Long Time",https://www.imdb.com/title/tt14500888,TV Episode,8.1,76,2023,"Adventure, Horror, Drama, Thriller, Sci-Fi, Action",241001,"2023-01-29","Peter Hoar"
tt16227014,9,2023-01-31,"Fire of Love","Fire of Love",https://www.imdb.com/title/tt16227014,Movie,7.6,98,2022,"Documentary, Biography",16679,"2022-11-11","Sara Dosa"
tt0090315,9,2023-01-29,"When the Wind Blows","When the Wind Blows",https://www.imdb.com/title/tt0090315,Movie,7.7,84,1986,"Animation, War, Drama",14815,"1988-03-11","Jimmy T. Murakami"
tt11813216,8,2023-01-28,"The Banshees of Inisherin","The Banshees of Inisherin",https://www.imdb.com/title/tt11813216,Movie,7.6,114,2022,"Drama, Comedy",296242,"2022-11-04","Martin McDonagh"
tt17041964,9,2023-01-27,"Navalny","Navalny",https://www.imdb.com/title/tt17041964,Movie,7.8,99,2022,"Documentary, Biography",56764,"2022-04-11","Daniel Roher"
tt0320661,7,2023-01-26,"Kingdom of Heaven","Kingdom of Heaven",https://www.imdb.com/title/tt0320661,Movie,7.3,144,2005,"Action, History, Adventure, War, Drama",354111,"2005-05-06","Ridley Scott"
tt2719848,8,2023-01-25,"Everest","Everest",https://www.imdb.com/title/tt2719848,Movie,7.1,121,2015,"Adventure, Drama, Thriller, Biography",247329,"2015-09-25","Baltasar Kormákur"
tt0758758,7,2023-01-25,"Into the Wild","Into the Wild",https://www.imdb.com/title/tt0758758,Movie,8.0,148,2007,"Drama, Adventure, Biography",695787,"2007-10-19","Sean Penn"
tt0978762,9,2023-01-25,"Mary and Max","Mary and Max.",https://www.imdb.com/title/tt0978762,Movie,8.1,92,2009,"Animation, Comedy, Drama",201746,"2009-04-09","Adam Elliot"
tt14367168,5,2023-01-25,"Let the Right One In","Let the Right One In",https://www.imdb.com/title/tt14367168,TV Series,7.5,60,2022,"Drama, Horror",6623,"2022-10-09",
tt14444726,8,2023-01-21,"Tár","Tár",https://www.imdb.com/title/tt14444726,Movie,7.4,158,2022,"Drama, Music",109715,"2022-10-28","Todd Field"
tt7144666,7,2023-01-15,"The Black Phone","The Black Phone",https://www.imdb.com/title/tt7144666,Movie,6.9,103,2021,"Horror, Thriller, Mystery",264680,"2022-06-24","Scott Derrickson"
tt3915174,9,2023-01-13,"Puss in Boots: The Last Wish","Puss in Boots: The Last Wish",https://www.imdb.com/title/tt3915174,Movie,7.9,102,2022,"Animation, Action, Comedy, Fantasy, Adventure, Family",225534,"2022-12-21","Joel Crawford,Januel Mercado"
tt0099685,9,2023-01-12,"GoodFellas","GoodFellas",https://www.imdb.com/title/tt0099685,Movie,8.7,145,1990,"Biography, Crime, Drama",1393240,"1990-09-21","Martin Scorsese"
tt7658402,9,2023-01-11,"Harley Quinn","Harley Quinn",https://www.imdb.com/title/tt7658402,TV Series,8.4,23,2019,"Animation, Adventure, Crime, Comedy, Action, Fantasy, Mystery, Sci-Fi, Drama, Romance, Thriller",43220,"2019-11-29",
tt10168670,8,2023-01-10,"Bones and All","Bones and All",https://www.imdb.com/title/tt10168670,Movie,6.8,131,2022,"Horror, Romance, Drama",73929,"2022-11-23","Luca Guadagnino"
tt14208870,7,2023-01-10,"The Fabelmans","The Fabelmans",https://www.imdb.com/title/tt14208870,Movie,7.5,151,2022,"Drama",134949,"2022-11-23","Steven Spielberg"
tt0499549,7,2023-01-09,"Avatar","Avatar",https://www.imdb.com/title/tt0499549,Movie,7.9,162,2009,"Sci-Fi, Action, Adventure, Fantasy",1499068,"2009-12-18","James Cameron"
tt15574312,4,2023-01-08,"The Patient","The Patient",https://www.imdb.com/title/tt15574312,TV Mini Series,7.0,30,2022,"Thriller, Drama, Mystery",36388,"2022-08-30",
tt3283594,6,2023-01-08,"Five Days at Memorial","Five Days at Memorial",https://www.imdb.com/title/tt3283594,TV Mini Series,7.7,47,2022,"Drama, Biography",16982,"2022-08-12",
tt1488589,9,2023-01-07,"Guillermo del Toro's Pinocchio","Guillermo del Toro's Pinocchio",https://www.imdb.com/title/tt1488589,Movie,7.6,117,2022,"Animation, Musical, Fantasy, Drama, Family, Adventure",152827,"2022-12-09","Guillermo del Toro,Mark Gustafson"
tt9764362,7,2023-01-06,"The Menu","The Menu",https://www.imdb.com/title/tt9764362,Movie,7.1,107,2022,"Horror, Thriller, Comedy",500873,"2022-11-18","Mark Mylod"
tt5929750,1,2023-01-04,"Beatriz at Dinner","Beatriz at Dinner",https://www.imdb.com/title/tt5929750,Movie,6.0,82,2017,"Drama, Comedy",11345,"2017-06-09","Miguel Arteta"
tt0944947,7,2023-01-03,"Game of Thrones","Game of Thrones",https://www.imdb.com/title/tt0944947,TV Series,9.2,60,2011,"Fantasy, Drama",2618129,"2011-04-17",
tt1630029,8,2022-12-30,"Avatar: The Way of Water","Avatar: The Way of Water",https://www.imdb.com/title/tt1630029,Movie,7.5,192,2022,"Animation, Action, Adventure, Sci-Fi, Fantasy",621312,"2022-12-16","James Cameron"
tt7631058,6,2022-12-26,"The Lord of the Rings: The Rings of Power","The Lord of the Rings: The Rings of Power",https://www.imdb.com/title/tt7631058,TV Series,6.9,60,2022,"Adventure, Fantasy, Action, Drama",439386,"2022-09-01",
tt0121164,7,2022-12-26,"Corpse Bride","Corpse Bride",https://www.imdb.com/title/tt0121164,Movie,7.4,77,2005,"Animation, Musical, Fantasy, Romance, Family, Drama, Comedy",328473,"2005-09-23","Tim Burton,Mike Johnson"
tt11564570,8,2022-12-23,"Glass Onion","Glass Onion",https://www.imdb.com/title/tt11564570,Movie,7.1,139,2022,"Crime, Thriller, Drama, Mystery, Comedy",524779,"2022-12-23","Rian Johnson"
tt11680642,9,2022-12-21,"Pantheon","Pantheon",https://www.imdb.com/title/tt11680642,TV Series,8.5,41,2022,"Animation, Drama, Sci-Fi, Action, Mystery, Adventure, Fantasy, Thriller",22231,"2022-09-01",
tt1136608,9,2022-12-15,"District 9","District 9",https://www.imdb.com/title/tt1136608,Movie,7.9,112,2009,"Sci-Fi, Action, Thriller",752992,"2009-08-14","Neill Blomkamp"
tt2494362,10,2022-12-14,"Bone Tomahawk","Bone Tomahawk",https://www.imdb.com/title/tt2494362,Movie,7.1,132,2015,"Western, Drama, Horror",140289,"2016-02-19","S. Craig Zahler"
tt0086979,8,2022-12-11,"Blood Simple","Blood Simple",https://www.imdb.com/title/tt0086979,Movie,7.5,99,1984,"Crime, Drama, Thriller",113988,"1985-01-18","Joel Coen,Ethan Coen"
tt8291284,7,2022-12-10,"The Peripheral","The Peripheral",https://www.imdb.com/title/tt8291284,TV Series,7.5,60,2022,"Drama, Sci-Fi, Thriller, Mystery",91374,"2022-10-21",
tt7767422,7,2022-12-10,"Sex Education","Sex Education",https://www.imdb.com/title/tt7767422,TV Series,8.2,60,2019,"Drama, Comedy, Romance",398276,"2019-01-11",
tt10048342,7,2022-12-10,"The Queen's Gambit","The Queen's Gambit",https://www.imdb.com/title/tt10048342,TV Mini Series,8.5,60,2020,"Drama",664368,"2020-10-23",
tt0475784,6,2022-12-10,"Westworld","Westworld",https://www.imdb.com/title/tt0475784,TV Series,8.4,60,2016,"Sci-Fi, Drama, Mystery",558062,"2016-10-02",
tt6741278,9,2022-12-10,"Invincible","Invincible",https://www.imdb.com/title/tt6741278,TV Series,8.7,50,2021,"Animation, Sci-Fi, Action, Drama, Adventure, Fantasy, Thriller",339017,"2021-03-26",
tt2085059,8,2022-12-10,"Black Mirror","Black Mirror",https://www.imdb.com/title/tt2085059,TV Series,8.7,60,2011,"Drama, Thriller, Sci-Fi, Mystery, Crime",738342,"2011-12-04",
tt9561862,9,2022-12-10,"Love, Death & Robots","Love, Death & Robots",https://www.imdb.com/title/tt9561862,TV Series,8.4,15,2019,"Animation, Short, Comedy, Fantasy, Horror, Sci-Fi, Action, Adventure, Drama, Mystery, Thriller",229633,"2019-03-15",
tt10801534,9,2022-12-10,"How to with John Wilson","How to with John Wilson",https://www.imdb.com/title/tt10801534,TV Series,8.7,30,2020,"Documentary, Comedy",17047,"2020-10-23",
tt0417299,9,2022-12-10,"Avatar: The Last Airbender","Avatar: The Last Airbender",https://www.imdb.com/title/tt0417299,TV Series,9.3,23,2005,"Animation, Adventure, Family, Fantasy, Action, Mystery",442704,"2005-02-21",
tt1856101,9,2022-12-10,"Blade Runner 2049","Blade Runner 2049",https://www.imdb.com/title/tt1856101,Movie,8.0,164,2017,"Sci-Fi, Thriller, Action, Drama, Mystery",755107,"2017-10-06","Denis Villeneuve"
tt12614214,8,2022-12-06,"The Afterparty","The Afterparty",https://www.imdb.com/title/tt12614214,TV Series,7.3,35,2022,"Comedy, Crime, Mystery",24859,"2022-01-28",
tt12718300,6,2022-12-02,"Confess, Fletch","Confess, Fletch",https://www.imdb.com/title/tt12718300,Movie,6.4,98,2022,"Comedy, Crime, Mystery",27233,"2022-09-16","Greg Mottola"
tt3748528,9,2022-11-29,"Rogue One: A Star Wars Story","Rogue One",https://www.imdb.com/title/tt3748528,Movie,7.8,133,2016,"Action, Adventure, Sci-Fi",757028,"2016-12-16","Gareth Edwards"
tt3778644,5,2022-11-29,"Solo: A Star Wars Story","Solo: A Star Wars Story",https://www.imdb.com/title/tt3778644,Movie,6.9,135,2018,"Sci-Fi, Action, Adventure",410004,"2018-05-25","Ron Howard"
tt0162065,8,2022-11-28,"Angel","Angel",https://www.imdb.com/title/tt0162065,TV Series,7.9,45,1999,"Fantasy, Drama, Action, Thriller, Adventure",80699,"1999-10-05",
tt8466564,5,2022-11-26,"Obi-Wan Kenobi","Obi-Wan Kenobi",https://www.imdb.com/title/tt8466564,TV Mini Series,7.0,45,2022,"Sci-Fi, Action, Adventure",263002,"2022-05-27",
tt7322224,9,2022-11-25,"Triangle of Sadness","Triangle of Sadness",https://www.imdb.com/title/tt7322224,Movie,7.2,147,2022,"Drama, Comedy",216886,"2022-09-18","Ruben Östlund"
tt5886510,9,2022-11-23,"Tour de Pharmacy","Tour de Pharmacy",https://www.imdb.com/title/tt5886510,TV Movie,7.1,41,2017,"Comedy, Sport, Adventure",13963,"2017-07-08","Jake Szymanski"
tt6820256,7,2022-11-22,"Arctic","Arctic",https://www.imdb.com/title/tt6820256,Movie,6.8,98,2018,"Drama, Adventure",63484,"2019-01-30","Joe Penna"
tt0118276,8,2022-11-21,"Buffy the Vampire Slayer","Buffy the Vampire Slayer",https://www.imdb.com/title/tt0118276,TV Series,8.3,45,1997,"Drama, Action, Horror, Romance, Adventure, Fantasy",174553,"1997-03-10",
tt10857160,3,2022-11-20,"She-Hulk: Attorney at Law","She-Hulk: Attorney at Law",https://www.imdb.com/title/tt10857160,TV Mini Series,5.2,35,2022,"Action, Adventure, Comedy, Sci-Fi",209192,"2022-08-18",
tt0154420,9,2022-11-19,"The Celebration","Festen",https://www.imdb.com/title/tt0154420,Movie,8.0,101,1998,"Drama",100914,"1998-06-19","Thomas Vinterberg"
tt7784604,8,2022-11-19,"Hereditary","Hereditary",https://www.imdb.com/title/tt7784604,Movie,7.3,127,2018,"Horror, Drama, Mystery, Thriller",456608,"2018-06-08","Ari Aster"
tt2400463,7,2022-11-19,"The Invitation","The Invitation",https://www.imdb.com/title/tt2400463,Movie,6.6,100,2015,"Thriller, Drama, Mystery, Horror",129575,"2016-04-08","Karyn Kusama"
tt8155288,6,2022-11-19,"Happy Death Day 2U","Happy Death Day 2U",https://www.imdb.com/title/tt8155288,Movie,6.2,100,2019,"Horror, Mystery, Thriller, Comedy, Sci-Fi",96168,"2019-02-13","Christopher Landon"
tt0120201,10,2022-11-18,"Starship Troopers","Starship Troopers",https://www.imdb.com/title/tt0120201,Movie,7.3,129,1997,"Action, Adventure, Thriller, Sci-Fi",346725,"1997-11-07","Paul Verhoeven"
tt13406094,8,2022-11-14,"The White Lotus","The White Lotus",https://www.imdb.com/title/tt13406094,TV Series,8.0,60,2021,"Comedy, Drama, Mystery",325630,"2021-07-11",
tt13482806,8,2022-11-11,"Zero Fucks Given","Rien à foutre",https://www.imdb.com/title/tt13482806,Movie,6.4,115,2021,"Drama, Comedy",6303,"2022-03-02","Julie Lecoustre,Emmanuel Marre"
tt19770238,9,2022-11-05,"Aftersun","Aftersun",https://www.imdb.com/title/tt19770238,Movie,7.6,102,2022,"Drama",128974,"2022-11-18","Charlotte Wells"
tt15791034,9,2022-10-29,"Barbarian","Barbarian",https://www.imdb.com/title/tt15791034,Movie,7.0,102,2022,"Thriller, Horror, Mystery",261082,"2022-09-09","Zach Cregger"
tt1139797,10,2022-10-29,"Let the Right One In","Låt den rätte komma in",https://www.imdb.com/title/tt1139797,Movie,7.8,114,2008,"Drama, Horror, Romance, Fantasy",240163,"2008-12-12","Tomas Alfredson"
tt0079945,7,2022-10-18,"Star Trek: The Motion Picture","Star Trek: The Motion Picture",https://www.imdb.com/title/tt0079945,Movie,6.4,143,1979,"Adventure, Mystery, Sci-Fi",102407,"1979-12-08","Robert Wise"
tt14376344,9,2022-10-14,"Cha Cha Real Smooth","Cha Cha Real Smooth",https://www.imdb.com/title/tt14376344,Movie,7.3,107,2022,"Drama, Comedy",31382,"2022-06-17","Cooper Raiff"
tt2463208,7,2022-10-14,"The Adam Project","The Adam Project",https://www.imdb.com/title/tt2463208,Movie,6.7,106,2022,"Animation, Sci-Fi, Action, Adventure, Comedy",258174,"2022-03-11","Shawn Levy"
tt0089530,7,2022-10-10,"Mad Max: Beyond Thunderdome","Mad Max Beyond Thunderdome",https://www.imdb.com/title/tt0089530,Movie,6.2,107,1985,"Adventure, Sci-Fi, Action",162398,"1985-07-10","George Miller,George Ogilvie"
tt0884328,9,2022-10-09,"The Mist","The Mist",https://www.imdb.com/title/tt0884328,Movie,7.1,126,2007,"Horror, Sci-Fi, Thriller",375225,"2007-11-21","Frank Darabont"
tt12593682,6,2022-10-08,"Bullet Train","Bullet Train",https://www.imdb.com/title/tt12593682,Movie,7.3,127,2022,"Action, Thriller, Comedy",536597,"2022-08-05","David Leitch"
tt0102015,8,2022-10-05,"Hearts of Darkness: A Filmmaker's Apocalypse","Hearts of Darkness: A Filmmaker's Apocalypse",https://www.imdb.com/title/tt0102015,Movie,8.1,96,1991,"Documentary",25785,"1991-12-06","Fax Bahr,George Hickenlooper,Eleanor Coppola"
tt0093894,9,2022-09-28,"The Running Man","The Running Man",https://www.imdb.com/title/tt0093894,Movie,6.6,101,1987,"Thriller, Sci-Fi, Action",191300,"1987-11-13","Paul Michael Glaser"
tt0485947,8,2022-09-19,"Mr. Nobody","Mr. Nobody",https://www.imdb.com/title/tt0485947,Movie,7.7,141,2009,"Drama, Sci-Fi, Fantasy, Romance",257753,"2013-09-26","Jaco Van Dormael"
tt0414993,7,2022-09-19,"The Fountain","The Fountain",https://www.imdb.com/title/tt0414993,Movie,7.1,97,2006,"Sci-Fi, Drama, Mystery, Romance",258356,"2006-11-22","Darren Aronofsky"
tt1182345,8,2022-09-19,"Moon","Moon",https://www.imdb.com/title/tt1182345,Movie,7.8,97,2009,"Sci-Fi, Drama, Mystery",395560,"2009-07-10","Duncan Jones"
tt2866360,7,2022-09-19,"Coherence","Coherence",https://www.imdb.com/title/tt2866360,Movie,7.2,89,2013,"Sci-Fi, Thriller, Mystery",173678,"2014-08-06","James Ward Byrkit"
tt0120663,6,2022-09-17,"Eyes Wide Shut","Eyes Wide Shut",https://www.imdb.com/title/tt0120663,Movie,7.5,159,1999,"Mystery, Drama, Thriller",429907,"1999-07-16","Stanley Kubrick"
tt0066921,10,2022-09-17,"A Clockwork Orange","A Clockwork Orange",https://www.imdb.com/title/tt0066921,Movie,8.2,136,1971,"Crime, Sci-Fi",937420,"1972-02-02","Stanley Kubrick"
tt0091763,8,2022-09-17,"Platoon","Platoon",https://www.imdb.com/title/tt0091763,Movie,8.1,120,1986,"Drama, War",472997,"1986-12-19","Oliver Stone"
tt7221388,9,2022-09-16,"Cobra Kai","Cobra Kai",https://www.imdb.com/title/tt7221388,TV Series,8.4,30,2018,"Action, Drama, Comedy, Sport",243385,"2018-05-02",
tt8879940,9,2022-09-16,"Mythic Quest","Mythic Quest",https://www.imdb.com/title/tt8879940,TV Series,7.7,30,2020,"Comedy",38011,"2020-02-07",
tt7049682,9,2022-09-16,"Watchmen","Watchmen",https://www.imdb.com/title/tt7049682,TV Mini Series,8.2,60,2019,"Drama, Mystery, Sci-Fi, Crime",146119,"2019-10-20",
tt7203552,4,2022-09-16,"The Morning Show","The Morning Show",https://www.imdb.com/title/tt7203552,TV Series,8.1,60,2019,"Drama",150386,"2019-11-01",
tt7772588,8,2022-09-16,"For All Mankind","For All Mankind",https://www.imdb.com/title/tt7772588,TV Series,8.1,60,2019,"Sci-Fi, Drama",88676,"2019-11-01",
tt11041132,6,2022-09-16,"The Mosquito Coast","The Mosquito Coast",https://www.imdb.com/title/tt11041132,TV Series,6.8,60,2021,"Adventure, Drama, Thriller",16833,"2021-04-30",
tt8068860,8,2022-09-16,"Servant","Servant",https://www.imdb.com/title/tt8068860,TV Series,7.4,30,2019,"Thriller, Drama, Horror, Mystery",53055,"2019-11-28",
tt5645432,7,2022-09-16,"The Old Man","The Old Man",https://www.imdb.com/title/tt5645432,TV Series,7.5,61,2022,"Drama, Action, Thriller",62979,"2022-06-16",
tt7909970,8,2022-09-16,"Unbelievable","Unbelievable",https://www.imdb.com/title/tt7909970,TV Mini Series,8.3,48,2019,"Drama, Crime",137085,"2019-09-13",
tt1998372,5,2022-09-16,"Under the Banner of Heaven","Under the Banner of Heaven",https://www.imdb.com/title/tt1998372,TV Mini Series,7.5,67,2022,"Drama, Crime, Mystery, Thriller",42846,"2022-04-28",
tt2649356,9,2022-09-16,"Sharp Objects","Sharp Objects",https://www.imdb.com/title/tt2649356,TV Mini Series,8.0,60,2018,"Drama, Thriller, Crime, Mystery",138378,"2018-07-08",
tt4301160,9,2022-09-16,"Black Bird","Black Bird",https://www.imdb.com/title/tt4301160,TV Mini Series,8.1,58,2022,"Crime, Drama, Thriller, Mystery, Biography",143075,"2022-07-08",
tt6040674,7,2022-09-16,"Waco","Waco",https://www.imdb.com/title/tt6040674,TV Mini Series,7.8,49,2018,"Drama, Crime, Thriller, History",28648,"2018-01-24",
tt10155688,9,2022-09-16,"Mare of Easttown","Mare of Easttown",https://www.imdb.com/title/tt10155688,TV Mini Series,8.4,60,2021,"Drama, Crime, Mystery",222183,"2021-04-18",
tt2699128,10,2022-09-16,"The Leftovers","The Leftovers",https://www.imdb.com/title/tt2699128,TV Series,8.3,60,2014,"Drama, Fantasy, Mystery, Thriller",130959,"2014-06-29",
tt2699110,5,2022-09-16,"The Affair","The Affair",https://www.imdb.com/title/tt2699110,TV Series,7.9,60,2014,"Drama",52009,"2014-10-12",
tt3920596,8,2022-09-16,"Big Little Lies","Big Little Lies",https://www.imdb.com/title/tt3920596,TV Series,8.4,50,2017,"Crime, Drama, Mystery",245185,"2017-02-19",
tt5290382,7,2022-09-16,"Mindhunter","Mindhunter",https://www.imdb.com/title/tt5290382,TV Series,8.6,60,2017,"Thriller, Crime, Drama, Mystery",397395,"2017-10-13",
tt8550800,8,2022-09-16,"The Outsider","The Outsider",https://www.imdb.com/title/tt8550800,TV Mini Series,7.6,60,2020,"Thriller, Crime, Drama, Mystery, Horror",116300,"2020-01-12",
tt2249364,7,2022-09-16,"Broadchurch","Broadchurch",https://www.imdb.com/title/tt2249364,TV Series,8.3,48,2013,"Drama, Crime, Mystery",142152,"2013-08-07",
tt3520702,5,2022-09-16,"Bloodline","Bloodline",https://www.imdb.com/title/tt3520702,TV Series,7.8,60,2015,"Drama, Thriller, Mystery",63554,"2015-03-20",
tt2401256,9,2022-09-16,"The Night Of","The Night Of",https://www.imdb.com/title/tt2401256,TV Mini Series,8.4,60,2016,"Crime, Drama, Mystery",195206,"2016-06-24",
tt6866266,9,2022-09-16,"Escape at Dannemora","Escape at Dannemora",https://www.imdb.com/title/tt6866266,TV Mini Series,7.9,60,2018,"Drama, Biography, Crime, Thriller",33936,"2018-11-18",
tt7598448,5,2022-09-16,"The Little Drummer Girl","The Little Drummer Girl",https://www.imdb.com/title/tt7598448,TV Mini Series,7.4,57,2018,"Drama, Thriller",17624,"2018-11-19",
tt4643084,8,2022-09-16,"Counterpart","Counterpart",https://www.imdb.com/title/tt4643084,TV Series,8.0,60,2017,"Drama, Sci-Fi, Thriller",34602,"2017-12-10",
tt2149175,9,2022-09-16,"The Americans","The Americans",https://www.imdb.com/title/tt2149175,TV Series,8.4,44,2013,"Drama, Crime, Mystery, Thriller",123982,"2013-01-30",
tt1796960,7,2022-09-16,"Homeland","Homeland",https://www.imdb.com/title/tt1796960,TV Series,8.3,60,2011,"Drama, Mystery, Thriller, Crime",384887,"2011-10-02",
tt7493974,7,2022-09-16,"Bodyguard","Bodyguard",https://www.imdb.com/title/tt7493974,TV Series,8.0,60,2018,"Thriller, Crime, Drama, Mystery",170636,"2018-10-24",
tt1399664,7,2022-09-16,"The Night Manager","The Night Manager",https://www.imdb.com/title/tt1399664,TV Series,8.0,60,2016,"Drama, Mystery, Thriller, Crime",138643,"2016-04-19",
tt2294189,7,2022-09-16,"The Fall","The Fall",https://www.imdb.com/title/tt2294189,TV Series,8.1,60,2013,"Drama, Thriller, Crime",132099,"2013-05-12",
tt2303687,8,2022-09-16,"Line of Duty","Line of Duty",https://www.imdb.com/title/tt2303687,TV Series,8.7,60,2012,"Thriller, Drama, Crime, Mystery",80832,"2012-08-21",
tt6474236,6,2022-09-16,"The Looming Tower","The Looming Tower",https://www.imdb.com/title/tt6474236,TV Mini Series,8.0,41,2018,"Drama, History",19297,"2018-02-28",
tt3460252,6,2022-09-10,"The Hateful Eight","The Hateful Eight",https://www.imdb.com/title/tt3460252,Movie,7.8,168,2015,"Western, Drama, Thriller, Mystery, Crime",723069,"2015-12-30","Quentin Tarantino"
tt0091251,10,2022-09-10,"Come and See","Idi i smotri",https://www.imdb.com/title/tt0091251,Movie,8.3,142,1985,"Thriller, Drama, War",123205,"1985-09-03","Elem Klimov"
tt1745960,9,2022-09-01,"Top Gun: Maverick","Top Gun: Maverick",https://www.imdb.com/title/tt1745960,Movie,8.2,130,2022,"Action, Drama",870761,"2022-05-27","Joseph Kosinski"
tt14452776,9,2022-08-26,"The Bear","The Bear",https://www.imdb.com/title/tt14452776,TV Series,8.5,30,2022,"Drama, Comedy",309529,"2022-06-23",
tt10802170,9,2022-08-15,"The Rehearsal","The Rehearsal",https://www.imdb.com/title/tt10802170,TV Series,8.5,30,2022,"Documentary, Comedy",37094,"2022-07-15",
tt1714915,8,2022-08-13,"Only Lovers Left Alive","Only Lovers Left Alive",https://www.imdb.com/title/tt1714915,Movie,7.2,123,2013,"Drama, Romance, Comedy, Fantasy, Horror",115735,"2013-12-25","Jim Jarmusch"
tt0093773,10,2022-08-10,"Predator","Predator",https://www.imdb.com/title/tt0093773,Movie,7.8,107,1987,"Horror, Adventure, Sci-Fi, Action",501352,"1987-06-12","John McTiernan"
tt0139809,7,2022-07-12,"The Thirteenth Floor","The Thirteenth Floor",https://www.imdb.com/title/tt0139809,Movie,7.0,100,1999,"Sci-Fi, Thriller, Mystery",83058,"1999-05-28","Josef Rusnak"
tt9419884,8,2022-06-26,"Doctor Strange in the Multiverse of Madness","Doctor Strange in the Multiverse of Madness",https://www.imdb.com/title/tt9419884,Movie,6.9,126,2022,"Action, Fantasy, Adventure, Sci-Fi",545632,"2022-05-06","Sam Raimi"
tt0099871,8,2022-06-19,"Jacob's Ladder","Jacob's Ladder",https://www.imdb.com/title/tt0099871,Movie,7.4,113,1990,"Drama, Mystery, Horror",129376,"1990-11-02","Adrian Lyne"
tt1772341,7,2022-06-18,"Wreck-It Ralph","Wreck-It Ralph",https://www.imdb.com/title/tt1772341,Movie,7.7,101,2012,"Animation, Comedy, Family, Adventure, Fantasy, Sci-Fi, Sport",499090,"2012-11-02","Rich Moore"
tt2380307,8,2022-06-18,"Coco","Coco",https://www.imdb.com/title/tt2380307,Movie,8.4,105,2017,"Animation, Family, Adventure, Fantasy, Mystery, Music, Drama",708655,"2017-11-22","Lee Unkrich,Adrian Molina"
tt11138512,9,2022-06-17,"The Northman","The Northman",https://www.imdb.com/title/tt11138512,Movie,7.0,137,2022,"Drama, Adventure, Thriller, Action, History, Fantasy",299957,"2022-04-22","Robert Eggers"
tt1187064,8,2022-06-15,"Triangle","Triangle",https://www.imdb.com/title/tt1187064,Movie,6.9,99,2009,"Thriller, Mystery, Sci-Fi, Fantasy",148982,"2009-10-16","Christopher Smith"
tt0111503,7,2022-06-14,"True Lies","True Lies",https://www.imdb.com/title/tt0111503,Movie,7.3,141,1994,"Thriller, Comedy, Action",301860,"1994-07-15","James Cameron"
tt2121382,8,2022-06-10,"Force Majeure","Turist",https://www.imdb.com/title/tt2121382,Movie,7.2,120,2014,"Drama, Comedy",72916,"2014-12-30","Ruben Östlund"
tt1130988,7,2022-06-09,"JCVD","JCVD",https://www.imdb.com/title/tt1130988,Movie,7.0,97,2008,"Drama, Crime, Comedy",41431,"2019-08-02","Mabrouk El Mechri"
tt10696896,7,2022-06-07,"Stillwater","Stillwater",https://www.imdb.com/title/tt10696896,Movie,6.6,139,2021,"Drama, Thriller, Crime, Mystery",64080,"2021-07-30","Tom McCarthy"
tt6644200,8,2022-06-06,"A Quiet Place","A Quiet Place",https://www.imdb.com/title/tt6644200,Movie,7.5,90,2018,"Drama, Horror, Sci-Fi",659297,"2018-04-06","John Krasinski"
tt6763664,8,2022-06-06,"The Haunting of Hill House","The Haunting of Hill House",https://www.imdb.com/title/tt6763664,TV Mini Series,8.5,60,2018,"Horror, Drama, Thriller, Mystery",329615,"2018-10-12",
tt1396484,8,2022-06-06,"It","It",https://www.imdb.com/title/tt1396484,Movie,7.3,135,2017,"Horror",697047,"2017-09-08","Andy Muschietti"
tt1950186,9,2022-05-27,"Ford v Ferrari","Ford v Ferrari",https://www.imdb.com/title/tt1950186,Movie,8.1,152,2019,"Action, Drama, Biography, Sport",572606,"2019-11-15","James Mangold"
tt1504320,9,2022-05-26,"The King's Speech","The King's Speech",https://www.imdb.com/title/tt1504320,Movie,8.0,118,2010,"Drama, Biography, History",733318,"2010-12-25","Tom Hooper"
tt4034228,7,2022-05-26,"Manchester by the Sea","Manchester by the Sea",https://www.imdb.com/title/tt4034228,Movie,7.8,137,2016,"Drama",357196,"2016-12-16","Kenneth Lonergan"
tt1019452,9,2022-05-26,"A Serious Man","A Serious Man",https://www.imdb.com/title/tt1019452,Movie,7.0,106,2009,"Drama, Comedy",158641,"2009-11-06","Ethan Coen,Joel Coen"
tt0118749,9,2022-05-26,"Boogie Nights","Boogie Nights",https://www.imdb.com/title/tt0118749,Movie,7.9,155,1997,"Drama",306187,"1997-10-31","Paul Thomas Anderson"
tt0469494,9,2022-05-26,"There Will Be Blood","There Will Be Blood",https://www.imdb.com/title/tt0469494,Movie,8.2,158,2007,"Drama",709393,"2008-01-25","Paul Thomas Anderson"
tt1340800,7,2022-05-21,"Tinker Tailor Soldier Spy","Tinker Tailor Soldier Spy",https://www.imdb.com/title/tt1340800,Movie,7.0,127,2011,"Thriller, Drama, Mystery",226684,"2012-01-06","Tomas Alfredson"
tt4972582,7,2022-05-20,"Split","Split",https://www.imdb.com/title/tt4972582,Movie,7.3,117,2016,"Thriller, Horror",622091,"2017-01-20","M. Night Shyamalan"
tt1051906,8,2022-05-20,"The Invisible Man","The Invisible Man",https://www.imdb.com/title/tt1051906,Movie,7.1,124,2020,"Sci-Fi, Thriller, Horror, Mystery, Drama",285436,"2020-02-28","Leigh Whannell"
tt5875444,8,2022-05-17,"Slow Horses","Slow Horses",https://www.imdb.com/title/tt5875444,TV Series,8.3,50,2022,"Thriller, Drama",147772,"2022-04-01",
tt13560574,8,2022-05-13,"X","X",https://www.imdb.com/title/tt13560574,Movie,6.5,105,2022,"Horror, Thriller, Mystery",224081,"2022-03-18","Ti West"
tt1034415,6,2022-05-13,"Suspiria","Suspiria",https://www.imdb.com/title/tt1034415,Movie,6.7,152,2018,"Horror, Thriller, Mystery, Fantasy, Drama",105215,"2018-11-02","Luca Guadagnino"
tt0364569,10,2022-05-13,"Oldboy","Oldeuboi",https://www.imdb.com/title/tt0364569,Movie,8.3,120,2003,"Mystery, Thriller, Action, Drama",719858,"2003-11-21","Park Chan-wook"
tt1706620,9,2022-05-13,"Snowpiercer","Snowpiercer",https://www.imdb.com/title/tt1706620,Movie,7.1,126,2013,"Sci-Fi, Thriller, Action",421158,"2014-07-11","Bong Joon Ho"
tt2872718,8,2022-05-13,"Nightcrawler","Nightcrawler",https://www.imdb.com/title/tt2872718,Movie,7.8,117,2014,"Crime, Thriller, Drama",670326,"2014-10-31","Dan Gilroy"
tt2582802,9,2022-05-13,"Whiplash","Whiplash",https://www.imdb.com/title/tt2582802,Movie,8.5,106,2014,"Drama, Music",1156731,"2014-10-15","Damien Chazelle"
tt5726616,7,2022-05-13,"Call Me by Your Name","Call Me by Your Name",https://www.imdb.com/title/tt5726616,Movie,7.8,132,2017,"Drama, Romance",359483,"2018-01-19","Luca Guadagnino"
tt5052448,9,2022-05-13,"Get Out","Get Out",https://www.imdb.com/title/tt5052448,Movie,7.8,104,2017,"Horror, Mystery, Thriller",818659,"2017-02-24","Jordan Peele"
tt5580390,8,2022-05-13,"The Shape of Water","The Shape of Water",https://www.imdb.com/title/tt5580390,Movie,7.3,123,2017,"Romance, Drama, Fantasy, Sci-Fi",476418,"2017-12-22","Guillermo del Toro"
tt4975722,8,2022-05-13,"Moonlight","Moonlight",https://www.imdb.com/title/tt4975722,Movie,7.4,111,2016,"Drama",352556,"2016-11-18","Barry Jenkins"
tt2562232,9,2022-05-13,"Birdman or (The Unexpected Virtue of Ignorance)","Birdman or (The Unexpected Virtue of Ignorance)",https://www.imdb.com/title/tt2562232,Movie,7.7,119,2014,"Comedy, Drama",699275,"2014-11-14","Alejandro G. Iñárritu"
tt1798709,8,2022-05-13,"Her","Her",https://www.imdb.com/title/tt1798709,Movie,8.0,126,2013,"Romance, Sci-Fi, Drama",727240,"2014-01-10","Spike Jonze"
tt1226837,8,2022-05-13,"Beautiful Boy","Beautiful Boy",https://www.imdb.com/title/tt1226837,Movie,7.4,120,2018,"Drama, Biography",129028,"2018-10-25","Felix van Groeningen"
tt7349662,9,2022-05-13,"BlacKkKlansman","BlacKkKlansman",https://www.imdb.com/title/tt7349662,Movie,7.5,135,2018,"Biography, Crime, Drama, Comedy, Thriller",314742,"2018-08-10","Spike Lee"
tt4925292,8,2022-05-13,"Lady Bird","Lady Bird",https://www.imdb.com/title/tt4925292,Movie,7.4,94,2017,"Comedy, Drama",364276,"2017-12-01","Greta Gerwig"
tt5613484,6,2022-05-13,"Mid90s","Mid90s",https://www.imdb.com/title/tt5613484,Movie,7.4,85,2018,"Comedy, Drama",88164,"2018-10-26","Jonah Hill"
tt3521126,8,2022-05-13,"The Disaster Artist","The Disaster Artist",https://www.imdb.com/title/tt3521126,Movie,7.3,104,2017,"Comedy, Drama, Biography",171534,"2017-12-08","James Franco"
tt8359848,7,2022-05-13,"Climax","Climax",https://www.imdb.com/title/tt8359848,Movie,6.9,97,2018,"Drama, Horror, Music, Thriller",89914,"2019-03-15","Gaspar Noé"
tt1791528,6,2022-05-13,"Inherent Vice","Inherent Vice",https://www.imdb.com/title/tt1791528,Movie,6.6,148,2014,"Crime, Drama, Mystery, Comedy, Romance",119667,"2015-01-09","Paul Thomas Anderson"
tt7939766,8,2022-05-13,"I'm Thinking of Ending Things","I'm Thinking of Ending Things",https://www.imdb.com/title/tt7939766,Movie,6.5,134,2020,"Drama, Thriller",110492,"2020-09-04","Charlie Kaufman"
tt4034354,9,2022-05-13,"Swiss Army Man","Swiss Army Man",https://www.imdb.com/title/tt4034354,Movie,6.9,97,2016,"Drama, Comedy, Fantasy, Romance",141345,"2016-07-01","Daniel Kwan,Daniel Scheinert"
tt5715874,8,2022-05-13,"The Killing of a Sacred Deer","The Killing of a Sacred Deer",https://www.imdb.com/title/tt5715874,Movie,7.0,121,2017,"Drama, Mystery, Thriller, Horror",215512,"2017-11-03","Yorgos Lanthimos"
tt3464902,8,2022-05-13,"The Lobster","The Lobster",https://www.imdb.com/title/tt3464902,Movie,7.1,119,2015,"Romance, Sci-Fi, Drama, Thriller",334168,"2015-10-16","Yorgos Lanthimos"
tt5776858,9,2022-05-13,"Phantom Thread","Phantom Thread",https://www.imdb.com/title/tt5776858,Movie,7.4,130,2017,"Drama, Romance",162351,"2018-01-19","Paul Thomas Anderson"
tt5649144,8,2022-05-13,"The Florida Project","The Florida Project",https://www.imdb.com/title/tt5649144,Movie,7.6,111,2017,"Drama",146993,"2017-11-10","Sean Baker"
tt1560747,7,2022-05-13,"The Master","The Master",https://www.imdb.com/title/tt1560747,Movie,7.1,138,2012,"Drama",201331,"2012-09-21","Paul Thomas Anderson"
tt2042568,8,2022-05-13,"Inside Llewyn Davis","Inside Llewyn Davis",https://www.imdb.com/title/tt2042568,Movie,7.4,104,2013,"Drama, Music",172130,"2014-01-10","Ethan Coen,Joel Coen"
tt11003218,7,2022-05-13,"Pig","Pig",https://www.imdb.com/title/tt11003218,Movie,6.9,92,2021,"Drama, Mystery",105015,"2021-07-16","Michael Sarnoski"
tt0416449,8,2022-05-11,"300","300",https://www.imdb.com/title/tt0416449,Movie,7.6,117,2006,"Action, Drama",913244,"2007-03-09","Zack Snyder"
tt7984734,9,2022-05-06,"The Lighthouse","The Lighthouse",https://www.imdb.com/title/tt7984734,Movie,7.4,109,2019,"Drama, Fantasy, Mystery, Thriller, Horror",302676,"2019-11-01","Robert Eggers"
tt11000902,9,2022-05-06,"Our Flag Means Death","Our Flag Means Death",https://www.imdb.com/title/tt11000902,TV Series,7.7,30,2022,"Comedy, Adventure, Biography, History, Action, Romance",47590,"2022-03-03",
tt5308322,7,2022-04-28,"Happy Death Day","Happy Death Day",https://www.imdb.com/title/tt5308322,Movie,6.6,96,2017,"Thriller, Horror, Mystery, Comedy",186429,"2017-10-13","Christopher Landon"
tt0389557,9,2022-04-27,"Black Book","Zwartboek",https://www.imdb.com/title/tt0389557,Movie,7.7,145,2006,"Thriller, War, Drama",83966,"2007-05-18","Paul Verhoeven"
tt3428912,9,2022-04-26,"Happy Valley","Happy Valley",https://www.imdb.com/title/tt3428912,TV Series,8.5,60,2014,"Crime, Drama, Thriller",73384,"2014-04-29",
tt12005128,6,2022-04-26,"WeCrashed","WeCrashed",https://www.imdb.com/title/tt12005128,TV Mini Series,7.3,53,2022,"Drama, Biography",25705,"2022-03-18",
tt10166622,8,2022-04-26,"The Dropout","The Dropout",https://www.imdb.com/title/tt10166622,TV Mini Series,7.5,50,2022,"Drama, Biography",42824,"2022-03-03",
tt6710474,10,2022-04-23,"Everything Everywhere All at Once","Everything Everywhere All at Once",https://www.imdb.com/title/tt6710474,Movie,7.7,139,2022,"Sci-Fi, Adventure, Comedy, Fantasy, Action, Drama",638489,"2022-04-08","Daniel Kwan,Daniel Scheinert"
tt3960412,9,2022-04-20,"Popstar: Never Stop Never Stopping","Popstar: Never Stop Never Stopping",https://www.imdb.com/title/tt3960412,Movie,6.7,87,2016,"Musical, Comedy, Drama, Music",74262,"2016-06-03","Akiva Schaffer,Jorma Taccone"
tt0841046,9,2022-04-20,"Walk Hard: The Dewey Cox Story","Walk Hard: The Dewey Cox Story",https://www.imdb.com/title/tt0841046,Movie,6.9,96,2007,"Comedy, Music",81687,"2007-12-21","Jake Kasdan"
tt0411008,9,2022-04-19,"Lost","Lost",https://www.imdb.com/title/tt0411008,TV Series,8.3,45,2004,"Drama, Mystery, Adventure, Thriller, Sci-Fi, Fantasy",672735,"2004-09-22",
tt11280740,9,2022-04-16,"Severance","Severance",https://www.imdb.com/title/tt11280740,TV Series,8.6,50,2022,"Drama, Thriller, Mystery, Sci-Fi",390004,"2022-02-18",
tt8634332,9,2022-04-10,"The Righteous Gemstones","The Righteous Gemstones",https://www.imdb.com/title/tt8634332,TV Series,8.1,40,2019,"Comedy, Drama",65719,"2019-08-18",
tt0088846,9,2022-04-04,"Brazil","Brazil",https://www.imdb.com/title/tt0088846,Movie,7.8,132,1985,"Sci-Fi, Drama, Thriller",222754,"1985-12-18","Terry Gilliam"
tt1839492,8,2022-04-02,"Ruby Sparks","Ruby Sparks",https://www.imdb.com/title/tt1839492,Movie,7.2,104,2012,"Comedy, Romance, Fantasy, Drama",109261,"2012-09-06","Jonathan Dayton,Valerie Faris"
tt0096754,7,2022-03-31,"The Abyss","The Abyss",https://www.imdb.com/title/tt0096754,Movie,7.5,140,1989,"Drama, Mystery, Sci-Fi, Thriller, Adventure",209578,"1989-08-09","James Cameron"
tt1454468,9,2022-03-31,"Gravity","Gravity",https://www.imdb.com/title/tt1454468,Movie,7.7,91,2013,"Sci-Fi, Thriller, Drama",900626,"2013-10-04","Alfonso Cuarón"
tt4263482,9,2022-03-30,"The Witch","The VVitch: A New-England Folktale",https://www.imdb.com/title/tt4263482,Movie,7.0,92,2015,"Horror, Mystery, Drama, Fantasy, Thriller",352458,"2016-02-19","Robert Eggers"
tt1403865,8,2022-03-29,"True Grit","True Grit",https://www.imdb.com/title/tt1403865,Movie,7.6,110,2010,"Drama, Western",376588,"2010-12-22","Ethan Coen,Joel Coen"
tt0105695,9,2022-03-29,"Unforgiven","Unforgiven",https://www.imdb.com/title/tt0105695,Movie,8.2,130,1992,"Drama, Western",469231,"1992-08-07","Clint Eastwood"
tt1672723,7,2022-03-29,"Batman: Year One","Batman: Year One",https://www.imdb.com/title/tt1672723,Video,7.3,64,2011,"Animation, Action, Crime, Thriller, Drama",40788,"2011-10-18","Sam Liu,Lauren Montgomery"
tt1569923,8,2022-03-29,"Batman: Under the Red Hood","Batman: Under the Red Hood",https://www.imdb.com/title/tt1569923,Video,8.0,75,2010,"Animation, Action, Crime, Thriller, Sci-Fi, Drama, Mystery",74020,"2010-07-27","Brandon Vietti"
tt5649108,8,2022-03-26,"Thoroughbreds","Thoroughbreds",https://www.imdb.com/title/tt5649108,Movie,6.6,92,2017,"Drama, Thriller, Crime, Comedy",49053,"2018-03-09","Cory Finley"
tt9100054,8,2022-03-25,"The Lost Daughter","The Lost Daughter",https://www.imdb.com/title/tt9100054,Movie,6.7,121,2021,"Drama",82010,"2021-12-31","Maggie Gyllenhaal"
tt6723592,6,2022-03-24,"Tenet","Tenet",https://www.imdb.com/title/tt6723592,Movie,7.3,150,2020,"Action, Sci-Fi, Thriller",686915,"2020-09-03","Christopher Nolan"
tt0209144,9,2022-03-24,"Memento","Memento",https://www.imdb.com/title/tt0209144,Movie,8.4,113,2000,"Thriller, Mystery",1436401,"2001-05-25","Christopher Nolan"
tt0816692,8,2022-03-24,"Interstellar","Interstellar",https://www.imdb.com/title/tt0816692,Movie,8.7,169,2014,"Sci-Fi, Adventure, Drama",2534006,"2014-11-07","Christopher Nolan"
tt1345836,8,2022-03-21,"The Dark Knight Rises","The Dark Knight Rises",https://www.imdb.com/title/tt1345836,Movie,8.4,164,2012,"Thriller, Crime",1996236,"2012-07-20","Christopher Nolan"
tt1179933,8,2022-03-21,"10 Cloverfield Lane","10 Cloverfield Lane",https://www.imdb.com/title/tt1179933,Movie,7.2,103,2016,"Drama, Sci-Fi, Thriller, Horror",384559,"2016-03-11","Dan Trachtenberg"
tt1259521,9,2022-03-21,"The Cabin in the Woods","The Cabin in the Woods",https://www.imdb.com/title/tt1259521,Movie,7.0,95,2011,"Horror, Mystery, Thriller",490761,"2012-04-13","Drew Goddard"
tt7016936,5,2022-03-20,"Killing Eve","Killing Eve",https://www.imdb.com/title/tt7016936,TV Series,8.1,42,2018,"Thriller, Drama, Action, Adventure",153828,"2018-04-08",
tt11041332,8,2022-03-20,"Yellowjackets","Yellowjackets",https://www.imdb.com/title/tt11041332,TV Series,7.7,60,2021,"Drama, Mystery, Thriller, Horror",115000,"2021-11-14",
tt13146488,9,2022-03-20,"Peacemaker","Peacemaker",https://www.imdb.com/title/tt13146488,TV Series,8.2,40,2022,"Action, Comedy, Adventure, Sci-Fi, Crime, Fantasy, Drama",193737,"2022-01-13",
tt0459159,9,2022-03-20,"The Thick of It","The Thick of It",https://www.imdb.com/title/tt0459159,TV Series,8.7,30,2005,"Comedy",29437,"2005-05-19",
tt1226774,9,2022-03-19,"In the Loop","In the Loop",https://www.imdb.com/title/tt1226774,Movie,7.4,106,2009,"Comedy",64272,"2009-09-04","Armando Iannucci"
tt1877830,6,2022-03-19,"The Batman","The Batman",https://www.imdb.com/title/tt1877830,Movie,7.8,176,2022,"Crime, Mystery",928881,"2022-03-04","Matt Reeves"
tt0455275,5,2022-03-17,"Prison Break","Prison Break",https://www.imdb.com/title/tt0455275,TV Series,8.3,44,2005,"Mystery, Thriller, Crime, Drama, Action",668761,"2005-08-29",
tt11466222,7,2022-03-16,"Jackass Forever","Jackass Forever",https://www.imdb.com/title/tt11466222,Movie,6.8,96,2022,"Documentary, Comedy",54962,"2022-02-04","Jeff Tremaine"
tt2321549,8,2022-03-15,"The Babadook","The Babadook",https://www.imdb.com/title/tt2321549,Movie,6.8,94,2014,"Horror, Mystery, Drama",270209,"2014-11-28","Jennifer Kent"
tt3235888,8,2022-03-10,"It Follows","It Follows",https://www.imdb.com/title/tt3235888,Movie,6.8,100,2014,"Horror, Mystery, Thriller",299449,"2015-03-13","David Robert Mitchell"
tt14124268,8,2022-03-05,"Ray Donovan: The Movie","Ray Donovan: The Movie",https://www.imdb.com/title/tt14124268,TV Movie,6.8,100,2022,"Drama, Crime, Thriller",10560,"2022-01-14","David Hollander"
tt6264654,9,2022-03-02,"Free Guy","Free Guy",https://www.imdb.com/title/tt6264654,Movie,7.1,115,2021,"Action, Comedy, Sci-Fi, Adventure, Fantasy, Romance",489270,"2021-08-13","Shawn Levy"
tt0417373,9,2022-02-22,"The Venture Bros.","The Venture Bros.",https://www.imdb.com/title/tt0417373,TV Series,8.6,22,2003,"Animation, Comedy, Sci-Fi, Action, Adventure, Fantasy",30256,"2003-02-16",
tt14812826,9,2022-02-17,"If It Ain't Broke","If It Ain't Broke",https://www.imdb.com/title/tt14812826,Short,5.7,24,2021,"Short",28,"2021-07-13","Elinor Nechemya"
tt11271038,8,2022-02-16,"Licorice Pizza","Licorice Pizza",https://www.imdb.com/title/tt11271038,Movie,7.1,133,2021,"Drama, Comedy, Romance",161337,"2021-12-25","Paul Thomas Anderson"
tt6450804,4,2022-02-12,"Terminator: Dark Fate","Terminator: Dark Fate",https://www.imdb.com/title/tt6450804,Movie,6.2,128,2019,"Sci-Fi, Action, Adventure",212459,"2019-11-01","Tim Miller"
tt6462958,7,2022-02-12,"I Want You Back","I Want You Back",https://www.imdb.com/title/tt6462958,Movie,6.5,116,2022,"Comedy, Romance",27317,"2022-02-11","Jason Orley"
tt14128670,8,2022-02-12,"Kimi","Kimi",https://www.imdb.com/title/tt14128670,Movie,6.3,89,2022,"Thriller, Crime, Drama, Mystery",43426,"2022-02-10","Steven Soderbergh"
tt2948372,9,2022-02-12,"Soul","Soul",https://www.imdb.com/title/tt2948372,Movie,8.0,100,2020,"Animation, Family, Adventure, Fantasy, Music, Comedy, Drama",449615,"2020-12-25","Pete Docter,Kemp Powers"
tt9174558,9,2022-02-11,"Dopesick","Dopesick",https://www.imdb.com/title/tt9174558,TV Mini Series,8.6,60,2021,"Drama",92852,"2021-10-13",
tt9288030,9,2022-02-08,"Reacher","Reacher",https://www.imdb.com/title/tt9288030,TV Series,8.0,50,2022,"Action, Crime, Drama, Thriller",294112,"2022-02-04",
tt10234362,8,2022-02-07,"Avenue 5","Avenue 5",https://www.imdb.com/title/tt10234362,TV Series,6.7,30,2020,"Comedy, Sci-Fi",25246,"2020-01-19",
tt0119177,6,2022-02-05,"Gattaca","Gattaca",https://www.imdb.com/title/tt0119177,Movie,7.7,106,1997,"Sci-Fi, Drama, Thriller",347449,"1997-10-24","Andrew Niccol"
tt7740496,9,2022-02-05,"Nightmare Alley","Nightmare Alley",https://www.imdb.com/title/tt7740496,Movie,7.0,150,2021,"Drama, Thriller, Crime",182722,"2021-12-17","Guillermo del Toro"
tt1334260,7,2022-02-04,"Never Let Me Go","Never Let Me Go",https://www.imdb.com/title/tt1334260,Movie,7.1,103,2010,"Drama, Romance",160273,"2010-10-15","Mark Romanek"
tt8134186,8,2022-02-03,"Devs","Devs",https://www.imdb.com/title/tt8134186,TV Mini Series,7.6,51,2020,"Thriller, Sci-Fi, Drama, Mystery",57696,"2020-03-05",
tt2798920,8,2022-02-03,"Annihilation","Annihilation",https://www.imdb.com/title/tt2798920,Movie,6.8,115,2018,"Sci-Fi, Thriller, Drama, Mystery, Adventure, Horror",394236,"2018-02-23","Alex Garland"
tt0470752,9,2022-02-03,"Ex Machina","Ex Machina",https://www.imdb.com/title/tt0470752,Movie,7.7,108,2014,"Drama, Sci-Fi, Thriller",639883,"2015-04-24","Alex Garland"
tt1343727,8,2022-02-03,"Dredd","Dredd",https://www.imdb.com/title/tt1343727,Movie,7.1,95,2012,"Action, Sci-Fi, Crime",312389,"2012-09-21","Pete Travis"
tt3454424,7,2022-02-01,"Where Is Anne Frank","Where Is Anne Frank",https://www.imdb.com/title/tt3454424,Movie,6.4,99,2021,"Animation, History, Drama, Family",2051,"2021-12-08","Ari Folman"
tt0448134,9,2022-01-29,"Sunshine","Sunshine",https://www.imdb.com/title/tt0448134,Movie,7.2,107,2007,"Sci-Fi, Thriller",287613,"2007-07-27","Danny Boyle"
tt2356777,8,2022-01-28,"True Detective","True Detective",https://www.imdb.com/title/tt2356777,TV Series,8.8,60,2014,"Crime, Drama, Mystery, Thriller",756406,"2014-01-12",
tt1124373,6,2022-01-28,"Sons of Anarchy","Sons of Anarchy",https://www.imdb.com/title/tt1124373,TV Series,8.5,45,2008,"Drama, Crime, Thriller",355597,"2008-09-03",
tt0979432,8,2022-01-28,"Boardwalk Empire","Boardwalk Empire",https://www.imdb.com/title/tt0979432,TV Series,8.6,60,2010,"Drama, Crime",218146,"2010-09-19",
tt0348914,9,2022-01-28,"Deadwood","Deadwood",https://www.imdb.com/title/tt0348914,TV Series,8.6,60,2004,"Crime, History, Drama, Western",128749,"2004-03-21",
tt4062536,8,2022-01-27,"Green Room","Green Room",https://www.imdb.com/title/tt4062536,Movie,7.0,95,2015,"Horror, Thriller",153879,"2016-05-13","Jeremy Saulnier"
tt10370710,9,2022-01-26,"The Worst Person in the World","Verdens verste menneske",https://www.imdb.com/title/tt10370710,Movie,7.7,128,2021,"Comedy, Drama, Romance",128009,"2021-10-13","Joachim Trier"
tt10574236,9,2022-01-25,"Station Eleven","Station Eleven",https://www.imdb.com/title/tt10574236,TV Mini Series,7.5,51,2021,"Sci-Fi, Drama, Mystery, Thriller, Adventure, Fantasy",42798,"2021-12-16",
tt0241527,8,2022-01-22,"Harry Potter and the Sorcerer's Stone","Harry Potter and the Sorcerer's Stone",https://www.imdb.com/title/tt0241527,Movie,7.7,152,2001,"Family, Adventure, Fantasy",953295,"2001-11-16","Chris Columbus"
tt1677720,8,2022-01-22,"Ready Player One","Ready Player One",https://www.imdb.com/title/tt1677720,Movie,7.4,140,2018,"Sci-Fi, Action, Adventure",542283,"2018-03-29","Steven Spielberg"
tt1371111,9,2022-01-20,"Cloud Atlas","Cloud Atlas",https://www.imdb.com/title/tt1371111,Movie,7.3,172,2012,"Sci-Fi, Drama, Mystery, Thriller",386783,"2012-10-26","Tom Tykwer,Lana Wachowski,Lilly Wachowski"
tt3811906,7,2022-01-20,"Malignant","Malignant",https://www.imdb.com/title/tt3811906,Movie,6.2,111,2021,"Horror, Crime, Mystery",121624,"2021-09-10","James Wan"
tt0118929,8,2022-01-19,"Dark City","Dark City",https://www.imdb.com/title/tt0118929,Movie,7.5,100,1998,"Thriller, Mystery, Fantasy, Sci-Fi",226486,"1998-02-27","Alex Proyas"
tt8772262,9,2022-01-17,"Midsommar","Midsommar",https://www.imdb.com/title/tt8772262,Movie,7.1,148,2019,"Horror, Drama, Mystery, Thriller",484687,"2019-07-03","Ari Aster"
tt10095582,9,2022-01-14,"The Tragedy of Macbeth","The Tragedy of Macbeth",https://www.imdb.com/title/tt10095582,Movie,7.1,105,2021,"Drama, Thriller, Mystery, Fantasy",44454,"2022-01-14","Joel Coen"
tt12689062,1,2022-01-13,"The Morning Show: La Amara Vita","The Morning Show: La Amara Vita",https://www.imdb.com/title/tt12689062,TV Episode,7.3,51,2021,"Drama",2545,"2021-10-29","Mimi Leder"
tt0498380,9,2022-01-13,"Letters from Iwo Jima","Letters from Iwo Jima",https://www.imdb.com/title/tt0498380,Movie,7.8,141,2006,"Drama, War, History, Action, Adventure",177200,"2007-02-02","Clint Eastwood"
tt3263904,7,2022-01-10,"Sully","Sully",https://www.imdb.com/title/tt3263904,Movie,7.4,96,2016,"Drama, Biography, History",322563,"2016-09-09","Clint Eastwood"
tt0480669,9,2022-01-09,"Timecrimes","Los cronocrímenes",https://www.imdb.com/title/tt0480669,Movie,7.1,92,2007,"Sci-Fi, Thriller, Mystery, Horror",75564,"2008-06-27","Nacho Vigalondo"
tt5362988,9,2022-01-09,"Wind River","Wind River",https://www.imdb.com/title/tt5362988,Movie,7.7,107,2017,"Thriller, Crime, Mystery, Drama, Western",315568,"2017-08-18","Taylor Sheridan"
tt8772296,9,2022-01-06,"Euphoria","Euphoria",https://www.imdb.com/title/tt8772296,TV Series,8.2,60,2019,"Drama",305546,"2019-06-16",
tt0082694,9,2022-01-02,"The Road Warrior","Mad Max 2",https://www.imdb.com/title/tt0082694,Movie,7.6,96,1981,"Sci-Fi, Thriller, Adventure, Action",213448,"1982-05-21","George Miller"
tt11286314,8,2021-12-25,"Don't Look Up","Don't Look Up",https://www.imdb.com/title/tt11286314,Movie,7.1,138,2021,"Comedy, Drama, Sci-Fi",672084,"2021-12-24","Adam McKay"
tt10872600,8,2021-12-24,"Spider-Man: No Way Home","Spider-Man: No Way Home",https://www.imdb.com/title/tt10872600,Movie,8.1,148,2021,"Action, Adventure, Sci-Fi, Fantasy",1022435,"2021-12-17","Jon Watts"
tt1255953,9,2021-12-20,"Incendies","Incendies",https://www.imdb.com/title/tt1255953,Movie,8.3,131,2010,"Drama, Mystery, War",251553,"2011-04-22","Denis Villeneuve"
tt0377091,9,2021-12-19,"Mean Creek","Mean Creek",https://www.imdb.com/title/tt0377091,Movie,7.1,90,2004,"Drama, Crime",34731,"2004-08-20","Jacob Estes"
tt10293406,9,2021-12-17,"The Power of the Dog","The Power of the Dog",https://www.imdb.com/title/tt10293406,Movie,6.8,126,2021,"Drama, Western",230881,"2021-12-01","Jane Campion"
tt1843866,9,2021-12-15,"Captain America: The Winter Soldier","Captain America: The Winter Soldier",https://www.imdb.com/title/tt1843866,Movie,7.7,136,2014,"Action, Adventure, Sci-Fi, Thriller",972700,"2014-04-04","Anthony Russo,Joe Russo"
tt15423196,10,2021-12-13,"Succession: All the Bells Say","Succession: All the Bells Say",https://www.imdb.com/title/tt15423196,TV Episode,9.7,66,2021,"Drama, Comedy",21988,"2021-12-12","Mark Mylod"
tt0167190,8,2021-12-05,"Hellboy","Hellboy",https://www.imdb.com/title/tt0167190,Movie,6.9,122,2004,"Fantasy, Adventure, Sci-Fi, Horror, Action",370816,"2004-04-02","Guillermo del Toro"
tt6265828,8,2021-12-05,"A Ghost Story","A Ghost Story",https://www.imdb.com/title/tt6265828,Movie,6.8,92,2017,"Drama, Fantasy, Romance, Mystery",86711,"2017-07-28","David Lowery"
tt4244994,8,2021-12-04,"The Last Duel","The Last Duel",https://www.imdb.com/title/tt4244994,Movie,7.3,152,2021,"Drama, History, Thriller",206846,"2021-10-15","Ridley Scott"
tt1465522,7,2021-12-02,"Tucker and Dale vs Evil","Tucker and Dale vs Evil",https://www.imdb.com/title/tt1465522,Movie,7.5,89,2010,"Comedy, Horror",209337,"2010-12-09","Eli Craig"
tt1663662,9,2021-12-02,"Pacific Rim","Pacific Rim",https://www.imdb.com/title/tt1663662,Movie,6.9,131,2013,"Sci-Fi, Action, Adventure",559316,"2013-07-12","Guillermo del Toro"
tt9376612,8,2021-12-01,"Shang-Chi and the Legend of the Ten Rings","Shang-Chi and the Legend of the Ten Rings",https://www.imdb.com/title/tt9376612,Movie,7.3,132,2021,"Action, Adventure, Fantasy, Sci-Fi",488839,"2021-09-03","Destin Daniel Cretton"
tt10944760,8,2021-11-30,"Titane","Titane",https://www.imdb.com/title/tt10944760,Movie,6.4,108,2021,"Drama, Thriller, Sci-Fi, Horror",66423,"2021-10-01","Julia Ducournau"
tt4063800,9,2021-11-29,"The Bureau","Le bureau des légendes",https://www.imdb.com/title/tt4063800,TV Series,8.7,50,2015,"Drama, Thriller",19127,"2016-12-14",
tt2382320,8,2021-11-27,"No Time to Die","No Time to Die",https://www.imdb.com/title/tt2382320,Movie,7.3,163,2021,"Action, Thriller, Adventure",488179,"2021-10-08","Cary Joji Fukunaga"
tt6932244,8,2021-11-24,"Hanna","Hanna",https://www.imdb.com/title/tt6932244,TV Series,7.6,60,2019,"Action, Drama, Crime, Romance",45853,"2019-03-29",
tt1379182,9,2021-11-20,"Dogtooth","Kynodontas",https://www.imdb.com/title/tt1379182,Movie,7.1,97,2009,"Drama, Thriller",123255,"2009-11-11","Yorgos Lanthimos"
tt7660850,10,2021-11-20,"Succession","Succession",https://www.imdb.com/title/tt7660850,TV Series,8.8,60,2018,"Drama, Comedy",356836,"2018-06-03",
tt2379713,7,2021-11-16,"Spectre","Spectre",https://www.imdb.com/title/tt2379713,Movie,6.8,148,2015,"Adventure, Thriller, Action",496817,"2015-11-06","Sam Mendes"
tt11655202,8,2021-11-12,"Riders of Justice","Retfærdighedens ryttere",https://www.imdb.com/title/tt11655202,Movie,7.5,116,2020,"Comedy, Action, Drama, Thriller",75950,"2021-05-21","Anders Thomas Jensen"
tt2788432,9,2021-11-11,"American Crime Story","American Crime Story",https://www.imdb.com/title/tt2788432,TV Series,8.4,42,2016,"Biography, Drama, Crime, History",102563,"2016-02-02",
tt5275892,10,2021-11-07,"O.J.: Made in America","O.J.: Made in America",https://www.imdb.com/title/tt5275892,Movie,8.9,467,2016,"Documentary, Biography, Crime, Sport, History",23931,"2016-05-20","Ezra Edelman"
tt0074958,8,2021-10-28,"Network","Network",https://www.imdb.com/title/tt0074958,Movie,8.1,121,1976,"Drama",186905,"1976-11-27","Sidney Lumet"
tt1194238,8,2021-10-26,"Polytechnique","Polytechnique",https://www.imdb.com/title/tt1194238,Movie,7.2,77,2009,"Drama, Crime, History",21297,"2009-02-06","Denis Villeneuve"
tt1392214,9,2021-10-26,"Prisoners","Prisoners",https://www.imdb.com/title/tt1392214,Movie,8.2,153,2013,"Crime, Drama, Thriller, Mystery",936709,"2013-09-20","Denis Villeneuve"
tt2316411,7,2021-10-26,"Enemy","Enemy",https://www.imdb.com/title/tt2316411,Movie,6.8,91,2013,"Thriller, Mystery, Drama",239975,"2014-02-06","Denis Villeneuve"
tt3397884,8,2021-10-26,"Sicario","Sicario",https://www.imdb.com/title/tt3397884,Movie,7.7,121,2015,"Drama, Crime, Mystery, Thriller, Action",539568,"2015-10-02","Denis Villeneuve"
tt2543164,9,2021-10-26,"Arrival","Arrival",https://www.imdb.com/title/tt2543164,Movie,7.9,116,2016,"Sci-Fi, Drama, Mystery",864753,"2016-11-11","Denis Villeneuve"
tt0995832,9,2021-10-24,"Generation Kill","Generation Kill",https://www.imdb.com/title/tt0995832,TV Mini Series,8.4,60,2008,"Drama, War",64684,"2008-07-13",
tt1489428,8,2021-10-24,"Justified","Justified",https://www.imdb.com/title/tt1489428,TV Series,8.6,45,2010,"Drama, Crime, Action, Thriller, Mystery, Western",130873,"2010-03-16",
tt0472043,9,2021-10-24,"Apocalypto","Apocalypto",https://www.imdb.com/title/tt0472043,Movie,7.9,139,2006,"Adventure, Drama, Thriller, Action",359184,"2006-12-08","Mel Gibson"
tt1270797,7,2021-10-17,"Venom","Venom",https://www.imdb.com/title/tt1270797,Movie,6.6,112,2018,"Action, Sci-Fi, Adventure",607260,"2018-10-05","Ruben Fleischer"
tt7638348,9,2021-10-05,"Boss Level","Boss Level",https://www.imdb.com/title/tt7638348,Movie,6.8,100,2020,"Thriller, Action, Adventure, Comedy, Mystery, Sci-Fi",90340,"2021-03-05","Joe Carnahan"
tt0824747,9,2021-09-22,"Changeling","Changeling",https://www.imdb.com/title/tt0824747,Movie,7.7,141,2008,"Drama, Mystery, Thriller, Biography, Crime, History",275211,"2008-10-31","Clint Eastwood"
tt4633694,9,2021-09-21,"Spider-Man: Into the Spider-Verse","Spider-Man: Into the Spider-Verse",https://www.imdb.com/title/tt4633694,Movie,8.4,117,2018,"Animation, Action, Sci-Fi, Adventure, Family, Fantasy",790586,"2018-12-14","Bob Persichetti,Peter Ramsey,Rodney Rothman"
tt13649036,8,2021-09-18,"Help","Help",https://www.imdb.com/title/tt13649036,TV Movie,7.6,98,2021,"Drama",13628,"2021-09-16","Marc Munden"
tt2283362,8,2021-09-17,"Jumanji: Welcome to the Jungle","Jumanji: Welcome to the Jungle",https://www.imdb.com/title/tt2283362,Movie,6.9,119,2017,"Adventure, Fantasy, Action, Comedy",503903,"2017-12-20","Jake Kasdan"
tt0418689,8,2021-09-11,"Flags of Our Fathers","Flags of Our Fathers",https://www.imdb.com/title/tt0418689,Movie,7.1,135,2006,"Drama, War, History, Action, Adventure",134385,"2006-10-20","Clint Eastwood"
tt4178092,8,2021-09-10,"The Gift","The Gift",https://www.imdb.com/title/tt4178092,Movie,7.0,108,2015,"Mystery, Thriller, Drama",185569,"2015-08-07","Joel Edgerton"
tt1649419,8,2021-09-08,"The Impossible","Lo imposible",https://www.imdb.com/title/tt1649419,Movie,7.5,114,2012,"Thriller, Drama, History",263315,"2013-01-04","J.A. Bayona"
tt0378194,7,2021-09-04,"Kill Bill: Vol. 2","Kill Bill: Vol. 2",https://www.imdb.com/title/tt0378194,Movie,8.0,137,2004,"Thriller, Crime, Action",871266,"2004-04-16","Quentin Tarantino"
tt0094012,9,2021-09-03,"Spaceballs","Spaceballs",https://www.imdb.com/title/tt0094012,Movie,7.1,96,1987,"Adventure, Sci-Fi, Comedy",227343,"1987-06-24","Mel Brooks"
tt1000771,8,2021-09-02,"Recount","Recount",https://www.imdb.com/title/tt1000771,TV Movie,7.3,116,2008,"Drama, History",14220,"2008-05-25","Jay Roach"
tt9140560,7,2021-08-28,"WandaVision","WandaVision",https://www.imdb.com/title/tt9140560,TV Mini Series,7.9,40,2021,"Action, Sci-Fi, Fantasy, Comedy, Mystery, Drama, Romance",416476,"2021-01-15",
tt9140554,9,2021-08-28,"Loki","Loki",https://www.imdb.com/title/tt9140554,TV Series,8.2,50,2021,"Fantasy, Sci-Fi, Action, Adventure",473183,"2021-06-09",
tt9208876,6,2021-08-28,"The Falcon and the Winter Soldier","The Falcon and the Winter Soldier",https://www.imdb.com/title/tt9208876,TV Mini Series,7.1,50,2021,"Action, Adventure, Sci-Fi, Drama",280824,"2021-03-19",
tt3480822,7,2021-08-28,"Black Widow","Black Widow",https://www.imdb.com/title/tt3480822,Movie,6.6,134,2021,"Action, Adventure, Sci-Fi",477898,"2021-07-09","Cate Shortland"
tt9174536,8,2021-08-24,"The Comey Rule","The Comey Rule",https://www.imdb.com/title/tt9174536,TV Mini Series,7.5,105,2020,"Drama",10693,"2020-09-27",
tt0050083,9,2021-08-22,"12 Angry Men","12 Angry Men",https://www.imdb.com/title/tt0050083,Movie,9.0,96,1957,"Crime, Drama",985346,"1957-04-10","Sidney Lumet"
tt0443272,8,2021-08-21,"Lincoln","Lincoln",https://www.imdb.com/title/tt0443272,Movie,7.3,150,2012,"Drama, Biography, History, War",284838,"2012-11-16","Steven Spielberg"
tt10366460,9,2021-08-17,"CODA","CODA",https://www.imdb.com/title/tt10366460,Movie,8.0,111,2021,"Drama, Music, Comedy",216272,"2021-08-13","Sian Heder"
tt11089658,10,2021-08-16,"Dave: Jail","Dave: Jail",https://www.imdb.com/title/tt11089658,TV Episode,9.5,28,2020,"Comedy, Music",2041,"2020-04-29","Tony Yacenda"
tt6294822,8,2021-08-13,"The Post","The Post",https://www.imdb.com/title/tt6294822,Movie,7.2,116,2017,"Drama, Biography, History, Thriller, War",172089,"2018-01-12","Steven Spielberg"
tt6334354,8,2021-08-09,"The Suicide Squad","The Suicide Squad",https://www.imdb.com/title/tt6334354,Movie,7.2,132,2021,"Action, Adventure, Sci-Fi, Comedy",458956,"2021-08-05","James Gunn"
tt0071230,9,2021-08-07,"Blazing Saddles","Blazing Saddles",https://www.imdb.com/title/tt0071230,Movie,7.7,93,1974,"Comedy, Western",164866,"1974-02-07","Mel Brooks"
tt7472896,9,2021-07-17,"Mr Inbetween","Mr Inbetween",https://www.imdb.com/title/tt7472896,TV Series,8.7,30,2018,"Crime, Drama, Comedy",50706,"2018-09-25",
tt0266697,9,2021-07-08,"Kill Bill: Vol. 1","Kill Bill: Vol. 1",https://www.imdb.com/title/tt0266697,Movie,8.2,111,2003,"Action, Thriller, Crime",1309049,"2003-10-10","Quentin Tarantino"
tt0088258,9,2021-07-03,"This Is Spinal Tap","This Is Spinal Tap",https://www.imdb.com/title/tt0088258,Movie,7.9,82,1984,"Music, Comedy",161322,"1984-03-02","Rob Reiner"
tt9770150,6,2021-07-02,"Nomadland","Nomadland",https://www.imdb.com/title/tt9770150,Movie,7.3,107,2020,"Drama",219390,"2021-02-19","Chloé Zhao"
tt2661044,6,2021-06-27,"The 100","The 100",https://www.imdb.com/title/tt2661044,TV Series,7.5,43,2014,"Sci-Fi, Drama, Action",304204,"2014-03-19",
tt8332922,8,2021-06-20,"A Quiet Place Part II","A Quiet Place Part II",https://www.imdb.com/title/tt8332922,Movie,7.2,97,2020,"Drama, Thriller, Sci-Fi, Horror",323331,"2021-05-28","John Krasinski"
tt6896536,9,2021-05-20,"Foxtrot","Foxtrot",https://www.imdb.com/title/tt6896536,Movie,7.2,113,2017,"Drama, War",8429,"2017-09-21","Samuel Maoz"
tt1483831,9,2021-05-20,"Lebanon","Lebanon",https://www.imdb.com/title/tt1483831,Movie,6.9,93,2009,"Drama, War",12323,"2009-10-15","Samuel Maoz"
tt6877772,10,2021-05-09,"American Vandal","American Vandal",https://www.imdb.com/title/tt6877772,TV Series,8.1,30,2017,"Comedy, Mystery, Crime, Drama",34863,"2017-09-15",
tt4761112,8,2021-05-06,"The Mauritanian","The Mauritanian",https://www.imdb.com/title/tt4761112,Movie,7.5,129,2021,"Thriller, Drama, Biography",72032,"2021-03-02","Kevin Macdonald"
tt0404030,9,2021-05-05,"Everything Is Illuminated","Everything Is Illuminated",https://www.imdb.com/title/tt0404030,Movie,7.4,106,2005,"Drama, Comedy",61444,"2005-11-04","Liev Schreiber"
tt9144554,4,2021-05-01,"Orange Is the New Black: The Big House","Orange Is the New Black: The Big House",https://www.imdb.com/title/tt9144554,TV Episode,8.8,75,2019,"Drama, Comedy, Crime",1677,"2019-07-26","Phil Abraham"
tt10272386,9,2021-04-15,"The Father","The Father",https://www.imdb.com/title/tt10272386,Movie,8.2,97,2020,"Drama, Mystery",245524,"2021-02-26","Florian Zeller"
tt3808342,9,2021-04-10,"Son of Saul","Saul fia",https://www.imdb.com/title/tt3808342,Movie,7.4,107,2015,"Drama, War",54540,"2015-06-11","László Nemes"
tt1560139,9,2021-04-09,"Boy","Boy",https://www.imdb.com/title/tt1560139,Movie,7.5,87,2010,"Comedy, Drama",31636,"2010-03-25","Taika Waititi"
tt7908628,10,2021-03-28,"What We Do in the Shadows","What We Do in the Shadows",https://www.imdb.com/title/tt7908628,TV Series,8.5,30,2019,"Comedy, Fantasy, Horror",126861,"2019-03-27",
tt0060196,9,2021-03-20,"The Good, the Bad and the Ugly","Il buono, il brutto, il cattivo",https://www.imdb.com/title/tt0060196,Movie,8.8,178,1966,"Adventure, Drama, Western",892004,"1967-12-29","Sergio Leone"
tt12361974,6,2021-03-20,"Zack Snyder's Justice League","Zack Snyder's Justice League",https://www.imdb.com/title/tt12361974,Movie,7.9,242,2021,"Adventure, Fantasy, Sci-Fi",473473,"2021-03-18","Zack Snyder"
tt0387199,6,2021-03-17,"Entourage","Entourage",https://www.imdb.com/title/tt0387199,TV Series,8.4,30,2004,"Comedy, Drama",183983,"2004-07-18",
tt7139936,3,2021-02-27,"A Rainy Day in New York","A Rainy Day in New York",https://www.imdb.com/title/tt7139936,Movie,6.4,92,2019,"Comedy, Romance",58430,"2020-11-10","Woody Allen"
tt8111088,8,2021-02-12,"The Mandalorian","The Mandalorian",https://www.imdb.com/title/tt8111088,TV Series,8.6,40,2019,"Sci-Fi, Adventure, Fantasy, Action",655974,"2019-11-12",
tt0100802,9,2021-02-04,"Total Recall","Total Recall",https://www.imdb.com/title/tt0100802,Movie,7.5,113,1990,"Adventure, Sci-Fi, Action",381589,"1990-06-01","Paul Verhoeven"
tt5460226,9,2021-01-29,"Search Party","Search Party",https://www.imdb.com/title/tt5460226,TV Series,7.6,24,2016,"Comedy, Drama, Mystery, Thriller, Crime",15457,"2016-11-17",
tt1663202,9,2020-12-04,"The Revenant","The Revenant",https://www.imdb.com/title/tt1663202,Movie,8.0,156,2015,"Action, Drama, Western",950883,"2016-01-08","Alejandro G. Iñárritu"
tt1759761,10,2020-11-20,"Veep","Veep",https://www.imdb.com/title/tt1759761,TV Series,8.4,30,2012,"Comedy",71720,"2012-04-22",
tt4686844,9,2020-11-20,"The Death of Stalin","The Death of Stalin",https://www.imdb.com/title/tt4686844,Movie,7.3,107,2017,"Comedy, History, Drama",126752,"2018-03-09","Armando Iannucci"
tt4266638,9,2020-10-13,"Krisha","Krisha",https://www.imdb.com/title/tt4266638,Movie,7.1,83,2015,"Drama",10866,"2016-06-07","Trey Edward Shults"
tt1560220,5,2020-09-26,"Zombieland: Double Tap","Zombieland: Double Tap",https://www.imdb.com/title/tt1560220,Movie,6.6,99,2019,"Action, Comedy, Horror",226214,"2019-10-18","Ruben Fleischer"
tt9108068,10,2020-08-08,"Kidding: The Puppet Dalai Lama","Kidding: The Puppet Dalai Lama",https://www.imdb.com/title/tt9108068,TV Episode,9.0,30,2020,"Comedy, Drama",754,"2020-03-08","Jake Schreier"
tt9484998,9,2020-07-24,"Palm Springs","Palm Springs",https://www.imdb.com/title/tt9484998,Movie,7.4,90,2020,"Comedy, Romance, Fantasy, Mystery, Sci-Fi",214694,"2020-07-10","Max Barbakow"
tt1636182,10,2020-06-28,"It's Always Sunny in Philadelphia: Dee Reynolds: Shaping America's Youth","It's Always Sunny in Philadelphia: Dee Reynolds: Shaping America's Youth",https://www.imdb.com/title/tt1636182,TV Episode,8.9,22,2010,"Comedy",3542,"2010-11-11","Matt Shakman"
tt0221573,9,2020-06-09,"Stalker Guilt Syndrome","Stalker Guilt Syndrome",https://www.imdb.com/title/tt0221573,Short,7.4,11,2002,"Short, Comedy",182,"2002-03-14","Jonah Kaplan"
tt0115147,7,2020-06-07,"The Daily Show","The Daily Show",https://www.imdb.com/title/tt0115147,TV Series,8.3,22,1996,"News, Talk-Show, Comedy",49705,"1996-07-22",
tt0804503,8,2020-06-07,"Mad Men","Mad Men",https://www.imdb.com/title/tt0804503,TV Series,8.7,45,2007,"Drama",290256,"2007-07-19",
tt4288182,9,2020-06-07,"Atlanta","Atlanta",https://www.imdb.com/title/tt4288182,TV Series,8.6,30,2016,"Comedy, Drama, Music",98687,"2016-09-06",
tt4786824,8,2020-06-07,"The Crown","The Crown",https://www.imdb.com/title/tt4786824,TV Series,8.6,60,2016,"Drama, History, Biography",281378,"2016-11-04",
tt0121955,9,2020-06-07,"South Park","South Park",https://www.imdb.com/title/tt0121955,TV Series,8.7,22,1997,"Animation, Comedy",444385,"1997-08-13",
tt3398228,8,2020-06-07,"BoJack Horseman","BoJack Horseman",https://www.imdb.com/title/tt3398228,TV Series,8.8,25,2014,"Animation, Comedy, Drama",233420,"2014-08-22",
tt1190634,9,2020-06-07,"The Boys","The Boys",https://www.imdb.com/title/tt1190634,TV Series,8.5,60,2019,"Action, Sci-Fi, Crime, Comedy, Drama",915056,"2019-07-26",
tt5687612,9,2020-06-07,"Fleabag","Fleabag",https://www.imdb.com/title/tt5687612,TV Series,8.7,30,2016,"Comedy, Drama",246780,"2016-09-16",
tt5753856,7,2020-06-07,"Dark","Dark",https://www.imdb.com/title/tt5753856,TV Series,8.7,60,2017,"Mystery, Crime, Drama, Thriller, Sci-Fi",546505,"2017-12-01",
tt1856010,6,2020-06-07,"House of Cards","House of Cards",https://www.imdb.com/title/tt1856010,TV Series,8.6,50,2013,"Drama, Thriller",559722,"2013-02-01",
tt4574334,9,2020-06-07,"Stranger Things","Stranger Things",https://www.imdb.com/title/tt4574334,TV Series,8.6,60,2016,"Drama, Horror, Thriller, Sci-Fi, Mystery, Fantasy",1702537,"2016-07-15",
tt0193676,9,2020-06-07,"Freaks and Geeks","Freaks and Geeks",https://www.imdb.com/title/tt0193676,TV Series,8.7,45,1999,"Drama, Comedy",164712,"1999-09-25",
tt2297757,10,2020-06-07,"Nathan for You","Nathan for You",https://www.imdb.com/title/tt2297757,TV Series,8.9,30,2013,"Documentary, Comedy",49963,"2013-02-28",
tt0098936,9,2020-06-07,"Twin Peaks","Twin Peaks",https://www.imdb.com/title/tt0098936,TV Series,8.7,50,1990,"Thriller, Crime, Drama, Mystery",246936,"1990-04-08",
tt2802850,9,2020-06-07,"Fargo","Fargo",https://www.imdb.com/title/tt2802850,TV Series,8.8,60,2014,"Crime, Drama, Thriller",469399,"2014-04-15",
tt1877514,9,2020-06-07,"The Vietnam War","The Vietnam War",https://www.imdb.com/title/tt1877514,TV Mini Series,9.1,100,2017,"Documentary, War, History",36852,"2017-09-17",
tt2861424,8,2020-06-07,"Rick and Morty","Rick and Morty",https://www.imdb.com/title/tt2861424,TV Series,9.0,23,2013,"Animation, Adventure, Comedy, Sci-Fi",695418,"2013-12-02",
tt6769208,9,2020-06-07,"Blue Planet II","Blue Planet II",https://www.imdb.com/title/tt6769208,TV Mini Series,9.3,50,2017,"Documentary, Family",57777,"2018-01-20",
tt7366338,10,2020-06-07,"Chernobyl","Chernobyl",https://www.imdb.com/title/tt7366338,TV Mini Series,9.3,60,2019,"Drama, History, Thriller",1039068,"2019-05-06",
tt0120591,7,2020-06-05,"Armageddon","Armageddon",https://www.imdb.com/title/tt0120591,Movie,6.7,151,1998,"Adventure, Sci-Fi, Thriller, Action",479788,"1998-07-01","Michael Bay"
tt5083738,9,2020-05-26,"The Favourite","The Favourite",https://www.imdb.com/title/tt5083738,Movie,7.5,119,2018,"Biography, Drama, History, Comedy",258953,"2018-12-21","Yorgos Lanthimos"
tt0887883,9,2020-05-16,"Burn After Reading","Burn After Reading",https://www.imdb.com/title/tt0887883,Movie,7.0,96,2008,"Comedy, Drama, Crime, Thriller",376635,"2008-09-12","Ethan Coen,Joel Coen"
tt4116284,9,2020-02-08,"The Lego Batman Movie","The Lego Batman Movie",https://www.imdb.com/title/tt4116284,Movie,7.3,104,2017,"Animation, Action, Comedy, Family, Adventure, Fantasy, Sci-Fi",193337,"2017-02-10","Chris McKay"
tt4698684,8,2020-02-04,"Hunt for the Wilderpeople","Hunt for the Wilderpeople",https://www.imdb.com/title/tt4698684,Movie,7.8,101,2016,"Comedy, Drama, Adventure",153278,"2016-07-01","Taika Waititi"
tt0993842,9,2020-02-01,"Hanna","Hanna",https://www.imdb.com/title/tt0993842,Movie,6.7,111,2011,"Thriller, Action, Drama, Adventure",215016,"2011-04-08","Joe Wright"
tt4425200,8,2020-02-01,"John Wick: Chapter 2","John Wick: Chapter 2",https://www.imdb.com/title/tt4425200,Movie,7.4,122,2017,"Action, Thriller, Crime",570856,"2017-02-10","Chad Stahelski"
tt2911666,9,2020-02-01,"John Wick","John Wick",https://www.imdb.com/title/tt2911666,Movie,7.5,101,2014,"Action, Thriller, Crime",828908,"2014-10-24","Chad Stahelski"
tt6146586,6,2020-02-01,"John Wick: Chapter 3 - Parabellum","John Wick: Chapter 3 - Parabellum",https://www.imdb.com/title/tt6146586,Movie,7.4,130,2019,"Action, Thriller, Crime, Drama",481021,"2019-05-17","Chad Stahelski"
tt4154796,7,2020-02-01,"Avengers: Endgame","Avengers: Endgame",https://www.imdb.com/title/tt4154796,Movie,8.4,181,2019,"Action, Sci-Fi, Adventure",1448840,"2019-04-26","Anthony Russo,Joe Russo"
tt7286456,8,2020-02-01,"Joker","Joker",https://www.imdb.com/title/tt7286456,Movie,8.3,122,2019,"Drama",1695908,"2019-10-04","Todd Phillips"
tt7131622,6,2020-02-01,"Once Upon a Time... in Hollywood","Once Upon a Time in... Hollywood",https://www.imdb.com/title/tt7131622,Movie,7.6,161,2019,"Drama, Comedy",963257,"2019-07-26","Quentin Tarantino"
tt7653254,8,2020-02-01,"Marriage Story","Marriage Story",https://www.imdb.com/title/tt7653254,Movie,7.9,137,2019,"Drama, Romance",372192,"2019-12-06","Noah Baumbach"
tt8946378,8,2020-02-01,"Knives Out","Knives Out",https://www.imdb.com/title/tt8946378,Movie,7.9,130,2019,"Crime, Mystery, Thriller, Drama, Comedy",878588,"2019-11-27","Rian Johnson"
tt2584384,10,2020-02-01,"Jojo Rabbit","Jojo Rabbit",https://www.imdb.com/title/tt2584384,Movie,7.9,108,2019,"Comedy, War, Drama",488749,"2019-11-08","Taika Waititi"
tt3281548,9,2020-02-01,"Little Women","Little Women",https://www.imdb.com/title/tt3281548,Movie,7.8,135,2019,"Drama, Romance",284479,"2019-12-25","Greta Gerwig"
tt3416742,9,2020-01-07,"What We Do in the Shadows","What We Do in the Shadows",https://www.imdb.com/title/tt3416742,Movie,7.6,86,2014,"Comedy, Horror",213800,"2015-02-13","Jemaine Clement,Taika Waititi"
tt4093826,10,2019-09-28,"Twin Peaks","Twin Peaks",https://www.imdb.com/title/tt4093826,TV Series,8.5,60,2017,"Crime, Drama, Mystery, Horror",89955,"2017-05-21",
tt0090756,8,2019-09-28,"Blue Velvet","Blue Velvet",https://www.imdb.com/title/tt0090756,Movie,7.7,120,1986,"Drama, Crime, Thriller, Mystery",245745,"1986-10-23","David Lynch"
tt7911942,9,2019-07-06,"Stranger Things: Chapter Eight: The Battle of Starcourt","Stranger Things: Chapter Eight: The Battle of Starcourt",https://www.imdb.com/title/tt7911942,TV Episode,9.3,76,2019,"Drama, Horror, Thriller, Sci-Fi, Mystery, Fantasy",57782,"2019-07-04","Matt Duffer,Ross Duffer"
tt7870762,10,2019-05-19,"Veep: Veep","Veep: Veep",https://www.imdb.com/title/tt7870762,TV Episode,9.3,46,2019,"Comedy",2273,"2019-05-12","David Mandel"
tt8272092,10,2019-01-07,"Ray Donovan: Baby","Ray Donovan: Baby",https://www.imdb.com/title/tt8272092,TV Episode,9.0,48,2018,"Drama, Crime",942,"2018-12-30","John Dahl"
tt4687882,10,2018-11-15,"Patriot","Patriot",https://www.imdb.com/title/tt4687882,TV Series,8.2,50,2015,"Thriller, Comedy, Drama",21312,"2015-11-05",
tt7014006,10,2018-10-19,"Eighth Grade","Eighth Grade",https://www.imdb.com/title/tt7014006,Movie,7.3,93,2018,"Comedy, Drama",86872,"2018-08-03","Bo Burnham"
tt3032476,10,2018-10-10,"Better Call Saul","Better Call Saul",https://www.imdb.com/title/tt3032476,TV Series,9.0,45,2015,"Crime, Drama",837021,"2015-02-08",
tt3501632,9,2018-05-04,"Thor: Ragnarok","Thor: Ragnarok",https://www.imdb.com/title/tt3501632,Movie,7.9,130,2017,"Action, Sci-Fi, Adventure, Comedy, Fantasy",895857,"2017-11-03","Taika Waititi"
tt4154756,9,2018-05-04,"Avengers: Infinity War","Avengers: Infinity War",https://www.imdb.com/title/tt4154756,Movie,8.4,149,2018,"Action, Sci-Fi, Adventure",1374016,"2018-04-27","Anthony Russo,Joe Russo"
tt5675620,9,2017-12-18,"The Punisher","The Punisher",https://www.imdb.com/title/tt5675620,TV Series,8.4,60,2017,"Action, Crime, Thriller, Drama",304385,"2017-11-17",
tt1520211,5,2017-12-18,"The Walking Dead","The Walking Dead",https://www.imdb.com/title/tt1520211,TV Series,8.1,45,2010,"Horror, Drama, Thriller",1197364,"2010-10-31",
tt2975590,5,2016-03-30,"Batman v Superman: Dawn of Justice","Batman v Superman: Dawn of Justice",https://www.imdb.com/title/tt2975590,Movie,6.4,151,2016,"Sci-Fi",791903,"2016-03-25","Zack Snyder"
tt0889583,7,2015-12-09,"Brüno","Brüno",https://www.imdb.com/title/tt0889583,Movie,5.9,81,2009,"Comedy",158628,"2009-07-10","Larry Charles"
tt2937900,10,2015-12-04,"The Knick","The Knick",https://www.imdb.com/title/tt2937900,TV Series,8.4,58,2014,"Drama, History",56966,"2014-08-08",
tt3322312,9,2015-12-04,"Daredevil","Daredevil",https://www.imdb.com/title/tt3322312,TV Series,8.6,60,2015,"Action, Crime, Drama, Thriller, Sci-Fi",532411,"2015-04-10",
tt3530232,10,2015-11-24,"Last Week Tonight with John Oliver","Last Week Tonight with John Oliver",https://www.imdb.com/title/tt3530232,TV Series,8.8,30,2014,"News, Talk-Show, Comedy",105309,"2014-04-27",
tt1266020,10,2015-02-23,"Parks and Recreation","Parks and Recreation",https://www.imdb.com/title/tt1266020,TV Series,8.6,22,2009,"Comedy",315213,"2009-04-09",
tt2278388,10,2015-02-23,"The Grand Budapest Hotel","The Grand Budapest Hotel",https://www.imdb.com/title/tt2278388,Movie,8.1,99,2014,"Comedy, Drama",972529,"2014-03-28","Wes Anderson"
tt3576084,9,2014-07-01,"Zero Motivation","Efes beyahasei enosh",https://www.imdb.com/title/tt3576084,Movie,7.2,97,2014,"Drama, Comedy",4786,"2014-06-26","Talya Lavie"
tt3072636,9,2014-06-27,"The Past Is a Grotesque Animal","The Past Is a Grotesque Animal",https://www.imdb.com/title/tt3072636,Movie,7.1,77,2014,"Documentary, Biography, Music",168,"2014-06-16","Jason Miller"
tt2243973,9,2014-04-30,"Hannibal","Hannibal",https://www.imdb.com/title/tt2243973,TV Series,8.5,45,2013,"Crime, Thriller, Horror, Drama, Mystery",309200,"2013-04-04",
tt1839578,9,2013-11-20,"Person of Interest","Person of Interest",https://www.imdb.com/title/tt1839578,TV Series,8.5,43,2011,"Drama, Thriller, Action, Mystery, Sci-Fi, Crime",208787,"2011-09-22",
tt1853728,9,2013-02-17,"Django Unchained","Django Unchained",https://www.imdb.com/title/tt1853728,Movie,8.5,165,2012,"Western, Drama",1884899,"2012-12-25","Quentin Tarantino"
tt0103064,10,2013-01-18,"Terminator 2: Judgment Day","Terminator 2: Judgment Day",https://www.imdb.com/title/tt0103064,Movie,8.6,137,1991,"Adventure, Sci-Fi, Action",1285328,"1991-07-03","James Cameron"
tt0105236,9,2012-08-03,"Reservoir Dogs","Reservoir Dogs",https://www.imdb.com/title/tt0105236,Movie,8.3,99,1992,"Crime, Thriller",1171626,"1992-09-02","Quentin Tarantino"
tt0141842,10,2012-06-30,"The Sopranos","The Sopranos",https://www.imdb.com/title/tt0141842,TV Series,9.2,55,1999,"Crime, Drama",580661,"1999-01-10",
tt2383315,10,2012-05-22,"Community: Digital Estate Planning","Community: Digital Estate Planning",https://www.imdb.com/title/tt2383315,TV Episode,9.4,22,2012,"Comedy",7060,"2012-05-17","Adam Davidson"
tt0098904,10,2012-04-20,"Seinfeld","Seinfeld",https://www.imdb.com/title/tt0098904,TV Series,8.9,22,1989,"Comedy",384804,"1989-07-05",
tt0412142,8,2012-03-17,"House","House M.D.",https://www.imdb.com/title/tt0412142,TV Series,8.7,45,2004,"Drama",593246,"2004-11-16",
tt2244577,4,2012-02-28,"Two and a Half Men: Not in My Mouth!","Two and a Half Men: Not in My Mouth!",https://www.imdb.com/title/tt2244577,TV Episode,5.5,20,2012,"Comedy, Romance",1250,"2012-02-20","James Widdoes"
tt0805564,8,2012-02-24,"Lars and the Real Girl","Lars and the Real Girl",https://www.imdb.com/title/tt0805564,Movie,7.3,106,2007,"Comedy, Drama, Romance",167871,"2007-11-02","Craig Gillespie"
tt1303558,10,2011-12-29,"Sons of Anarchy: Na Triobloidi","Sons of Anarchy: Na Triobloidi",https://www.imdb.com/title/tt1303558,TV Episode,9.3,62,2009,"Drama, Crime, Thriller",4689,"2009-12-01","Kurt Sutter"
tt1413314,10,2011-10-13,"Doctor Who: The Waters of Mars","Doctor Who: The Waters of Mars",https://www.imdb.com/title/tt1413314,TV Episode,8.8,62,2009,"Sci-Fi, Adventure, Drama",8381,"2009-12-19","Graeme Harper"
tt0756448,10,2011-10-03,"Doctor Who: The Satan Pit","Doctor Who: The Satan Pit",https://www.imdb.com/title/tt0756448,TV Episode,8.7,45,2006,"Sci-Fi, Adventure, Drama",9976,"2006-12-01","James Strong"
tt0563000,10,2011-09-30,"Doctor Who: The Parting of the Ways","Doctor Who: The Parting of the Ways",https://www.imdb.com/title/tt0563000,TV Episode,9.0,45,2005,"Sci-Fi, Adventure, Drama",10474,"2006-06-09","Joe Ahearne"
tt1318514,9,2011-08-27,"Rise of the Planet of the Apes","Rise of the Planet of the Apes",https://www.imdb.com/title/tt1318514,Movie,7.6,105,2011,"Animation, Action, Sci-Fi, Drama, Thriller",605953,"2011-08-05","Rupert Wyatt"
tt1439629,9,2011-04-28,"Community","Community",https://www.imdb.com/title/tt1439629,TV Series,8.5,22,2009,"Comedy",311198,"2009-09-17",
tt0306414,10,2011-04-19,"The Wire","The Wire",https://www.imdb.com/title/tt0306414,TV Series,9.3,60,2002,"Thriller, Crime, Drama",431891,"2002-06-02",
tt0409459,9,2010-10-01,"Watchmen","Watchmen",https://www.imdb.com/title/tt0409459,Movie,7.6,162,2009,"Sci-Fi, Action, Mystery, Drama",611246,"2009-03-06","Zack Snyder"
tt1375666,9,2010-08-14,"Inception","Inception",https://www.imdb.com/title/tt1375666,Movie,8.8,148,2010,"Sci-Fi, Thriller, Adventure",2820341,"2010-07-16","Christopher Nolan"
tt1201167,8,2010-02-15,"Funny People","Funny People",https://www.imdb.com/title/tt1201167,Movie,6.3,146,2009,"Comedy, Drama",127354,"2009-07-31","Judd Apatow"
tt0960144,7,2010-02-15,"You Don't Mess with the Zohan","You Don't Mess with the Zohan",https://www.imdb.com/title/tt0960144,Movie,5.6,113,2008,"Comedy, Action",227800,"2008-06-06","Dennis Dugan"
tt1156398,9,2010-02-08,"Zombieland","Zombieland",https://www.imdb.com/title/tt1156398,Movie,7.5,88,2009,"Comedy, Action, Horror",668367,"2009-10-02","Ruben Fleischer"
tt0760311,8,2010-02-04,"He Was a Quiet Man","He Was a Quiet Man",https://www.imdb.com/title/tt0760311,Movie,6.7,100,2007,"Thriller, Romance, Drama",23863,"2020-05-17","Frank A. Cappello"
tt1022603,9,2010-01-20,"500 Days of Summer","(500) Days of Summer",https://www.imdb.com/title/tt1022603,Movie,7.6,95,2009,"Comedy, Drama, Romance",619230,"2009-08-07","Marc Webb"
tt0386676,10,2010-01-08,"The Office","The Office",https://www.imdb.com/title/tt0386676,TV Series,9.0,22,2005,"Comedy",833531,"2005-03-24",
tt1444420,10,2009-12-09,"Dexter: Hello, Dexter Morgan","Dexter: Hello, Dexter Morgan",https://www.imdb.com/title/tt1444420,TV Episode,9.5,51,2009,"Crime, Drama, Mystery, Thriller",18474,"2009-12-06","S.J. Clarkson"
tt0264235,10,2009-12-03,"Curb Your Enthusiasm","Curb Your Enthusiasm",https://www.imdb.com/title/tt0264235,TV Series,8.8,30,2000,"Comedy",166709,"2000-10-15",
tt0361748,10,2009-10-08,"Inglourious Basterds","Inglourious Basterds",https://www.imdb.com/title/tt0361748,Movie,8.4,153,2009,"War, Adventure, Drama",1785635,"2009-08-21","Quentin Tarantino"
tt0420291,10,2009-08-14,"Keane","Keane",https://www.imdb.com/title/tt0420291,Movie,6.8,100,2004,"Thriller, Mystery, Drama",6094,"2022","Lodge Kerrigan"
tt0874936,9,2009-08-14,"Life","Life",https://www.imdb.com/title/tt0874936,TV Series,8.3,45,2007,"Crime, Mystery, Drama",36746,"2007-09-26",
tt1119646,8,2009-08-07,"The Hangover","The Hangover",https://www.imdb.com/title/tt1119646,Movie,7.7,100,2009,"Comedy",931308,"2009-06-05","Todd Phillips"
tt0405094,10,2009-07-28,"The Lives of Others","Das Leben der Anderen",https://www.imdb.com/title/tt0405094,Movie,8.4,137,2006,"Drama, Thriller, Mystery",443543,"2007-03-30","Florian Henckel von Donnersmarck"
tt0800241,8,2009-07-28,"Transsiberian","Transsiberian",https://www.imdb.com/title/tt0800241,Movie,6.6,111,2008,"Crime, Drama, Thriller, Mystery",56624,"2008-09-05","Brad Anderson"
tt1049413,9,2009-07-25,"Up","Up",https://www.imdb.com/title/tt1049413,Movie,8.3,96,2009,"Animation, Family, Adventure, Comedy, Drama",1237380,"2009-05-29","Pete Docter,Bob Peterson"
tt1127180,8,2009-06-13,"Drag Me to Hell","Drag Me to Hell",https://www.imdb.com/title/tt1127180,Movie,6.6,99,2009,"Horror",231300,"2009-05-29","Sam Raimi"
tt0899126,10,2009-06-03,"The Tonight Show with Conan O'Brien","The Tonight Show with Conan O'Brien",https://www.imdb.com/title/tt0899126,TV Series,8.0,62,2009,"Talk-Show, Comedy, Music",9494,"2009-06-01",
tt1205489,9,2009-05-28,"Gran Torino","Gran Torino",https://www.imdb.com/title/tt1205489,Movie,8.1,116,2008,"Drama",862648,"2009-01-09","Clint Eastwood"
tt0404390,9,2009-04-10,"Running Scared","Running Scared",https://www.imdb.com/title/tt0404390,Movie,7.3,122,2006,"Action, Crime, Drama, Thriller",107026,"2006-02-24","Wayne Kramer"
tt0102926,9,2009-03-03,"The Silence of the Lambs","The Silence of the Lambs",https://www.imdb.com/title/tt0102926,Movie,8.6,118,1991,"Crime, Drama, Horror, Thriller",1725342,"1991-02-14","Jonathan Demme"
tt0125664,10,2009-02-26,"Man on the Moon","Man on the Moon",https://www.imdb.com/title/tt0125664,Movie,7.4,118,1999,"Biography, Drama, Comedy",143571,"1999-12-22","Miloš Forman"
tt1010048,9,2009-02-16,"Slumdog Millionaire","Slumdog Millionaire",https://www.imdb.com/title/tt1010048,Movie,8.0,120,2008,"Drama, Romance, Crime",910721,"2008-12-25","Danny Boyle,Loveleen Tandan"
tt0460091,9,2009-01-23,"My Name Is Earl","My Name Is Earl",https://www.imdb.com/title/tt0460091,TV Series,7.8,22,2005,"Comedy",116373,"2005-09-20",
tt0219965,8,2009-01-19,"Bandits","Bandits",https://www.imdb.com/title/tt0219965,Movie,6.5,123,2001,"Action, Romance, Crime, Drama, Comedy",74455,"2001-10-12","Barry Levinson"
tt0416320,9,2009-01-19,"Match Point","Match Point",https://www.imdb.com/title/tt0416320,Movie,7.6,124,2005,"Drama, Romance, Thriller",239205,"2006-01-20","Woody Allen"
tt0384680,9,2009-01-15,"The Weather Man","The Weather Man",https://www.imdb.com/title/tt0384680,Movie,6.5,102,2005,"Drama, Comedy",86226,"2005-10-28","Gore Verbinski"
tt1185616,10,2009-01-15,"Waltz with Bashir","Vals Im Bashir",https://www.imdb.com/title/tt1185616,Movie,8.0,90,2008,"Animation, Documentary, Biography, Drama, War, History, Mystery",62690,"2008-06-12","Ari Folman"
tt0475276,9,2009-01-11,"United 93","United 93",https://www.imdb.com/title/tt0475276,Movie,7.6,111,2006,"Drama, Thriller, History, Action",115592,"2006-04-28","Paul Greengrass"
tt0343660,9,2009-01-11,"50 First Dates","50 First Dates",https://www.imdb.com/title/tt0343660,Movie,6.8,99,2004,"Drama, Romance, Comedy",415415,"2004-02-13","Peter Segal"
tt0105698,9,2009-01-07,"Universal Soldier","Universal Soldier",https://www.imdb.com/title/tt0105698,Movie,6.1,102,1992,"Sci-Fi, Action",101844,"1992-07-10","Roland Emmerich"
tt0115082,10,2009-01-05,"3rd Rock from the Sun","3rd Rock from the Sun",https://www.imdb.com/title/tt0115082,TV Series,7.8,60,1996,"Family, Sci-Fi, Comedy",59270,"1996-01-09",
tt0910970,9,2009-01-05,"WALL·E","WALL·E",https://www.imdb.com/title/tt0910970,Movie,8.4,98,2008,"Animation, Sci-Fi, Adventure, Family",1322377,"2008-06-27","Andrew Stanton"
tt0117951,9,2009-01-04,"Trainspotting","Trainspotting",https://www.imdb.com/title/tt0117951,Movie,8.1,93,1996,"Crime, Drama",769483,"1996-08-09","Danny Boyle"
tt0075148,10,2009-01-04,"Rocky","Rocky",https://www.imdb.com/title/tt0075148,Movie,8.1,120,1976,"Sport, Drama",689466,"1976-12-03","John G. Avildsen"
tt0888817,9,2009-01-03,"Family Guy: Blue Harvest","Family Guy: Blue Harvest",https://www.imdb.com/title/tt0888817,TV Episode,8.2,48,2007,"Animation, Comedy",8759,"2007-09-23","Dominic Polcino,James Purdum,Peter Shin"
tt0076759,10,2009-01-03,"Star Wars: Episode IV - A New Hope","Star Wars",https://www.imdb.com/title/tt0076759,Movie,8.6,121,1977,"Sci-Fi, Adventure, Fantasy",1572006,"1977-05-25","George Lucas"
tt0163651,10,2009-01-02,"American Pie","American Pie",https://www.imdb.com/title/tt0163651,Movie,7.0,95,1999,"Comedy",468929,"1999-07-09","Paul Weitz"
tt0830833,1,2009-01-02,"A Dangerous Dance","Rikud Mesukan",https://www.imdb.com/title/tt0830833,Movie,2.6,90,2007,"Drama, Romance",93,"2007-03-22","Menahem Golan"
tt1068680,9,2008-12-31,"Yes Man","Yes Man",https://www.imdb.com/title/tt1068680,Movie,6.8,104,2008,"Comedy, Romance",405128,"2008-12-19","Peyton Reed"
tt0109686,10,2008-12-31,"Dumb and Dumber","Dumb and Dumber",https://www.imdb.com/title/tt0109686,Movie,7.3,107,1994,"Comedy",444296,"1994-12-16","Peter Farrelly,Bobby Farrelly"
tt0942385,9,2008-12-25,"Tropic Thunder","Tropic Thunder",https://www.imdb.com/title/tt0942385,Movie,7.1,107,2008,"Comedy, Action, War",490361,"2008-08-13","Ben Stiller"
tt1007028,8,2008-12-24,"Zack and Miri Make a Porno","Zack and Miri Make a Porno",https://www.imdb.com/title/tt1007028,Movie,6.5,101,2008,"Comedy, Romance",186719,"2008-10-31","Kevin Smith"
tt0478311,9,2008-12-24,"Knocked Up","Knocked Up",https://www.imdb.com/title/tt0478311,Movie,6.9,129,2007,"Comedy, Romance",399801,"2007-06-01","Judd Apatow"
tt0838283,7,2008-12-24,"Step Brothers","Step Brothers",https://www.imdb.com/title/tt0838283,Movie,6.9,98,2008,"Comedy",341619,"2008-07-25","Adam McKay"
tt0910936,10,2008-12-23,"Pineapple Express","Pineapple Express",https://www.imdb.com/title/tt0910936,Movie,6.9,111,2008,"Comedy, Crime, Action",373268,"2008-08-06","David Gordon Green"
tt0829482,9,2008-12-23,"Superbad","Superbad",https://www.imdb.com/title/tt0829482,Movie,7.6,113,2007,"Comedy",694783,"2007-08-17","Greg Mottola"
tt0472954,10,2008-12-19,"It's Always Sunny in Philadelphia","It's Always Sunny in Philadelphia",https://www.imdb.com/title/tt0472954,TV Series,8.8,22,2005,"Comedy",281807,"2005-08-04",
tt0425210,8,2008-12-15,"Lucky Number Slevin","Lucky Number Slevin",https://www.imdb.com/title/tt0425210,Movie,7.7,110,2006,"Thriller, Crime, Drama",339142,"2006-04-07","Paul McGuigan"
tt0936501,9,2008-12-04,"Taken","Taken",https://www.imdb.com/title/tt0936501,Movie,7.7,90,2008,"Action, Thriller, Crime",672400,"2009-01-30","Pierre Morel"
tt0381061,8,2008-11-28,"Casino Royale","Casino Royale",https://www.imdb.com/title/tt0381061,Movie,8.0,144,2006,"Thriller, Action, Adventure",745489,"2006-11-17","Martin Campbell"
tt0119116,10,2008-11-28,"The Fifth Element","Le cinquième élément",https://www.imdb.com/title/tt0119116,Movie,7.6,126,1997,"Adventure, Sci-Fi, Action",545652,"1997-05-09","Luc Besson"
tt0846758,10,2008-11-25,"Ha-Chevre Ha-Tovim","Ha-Chevre Ha-Tovim",https://www.imdb.com/title/tt0846758,TV Series,8.2,30,1999,"Drama",80,"1999",
tt0373469,9,2008-10-09,"Kiss Kiss Bang Bang","Kiss Kiss Bang Bang",https://www.imdb.com/title/tt0373469,Movie,7.4,103,2005,"Comedy, Mystery, Crime, Thriller",249805,"2005-11-11","Shane Black"
tt0371746,9,2008-09-27,"Iron Man","Iron Man",https://www.imdb.com/title/tt0371746,Movie,7.9,126,2008,"Action, Sci-Fi, Adventure",1225988,"2008-05-02","Jon Favreau"
tt0103359,9,2008-09-20,"Batman: The Animated Series","Batman: The Animated Series",https://www.imdb.com/title/tt0103359,TV Series,9.0,23,1992,"Animation, Adventure, Family, Sci-Fi, Mystery, Crime, Action",137513,"1992-09-05",
tt0238784,9,2008-09-18,"Gilmore Girls","Gilmore Girls",https://www.imdb.com/title/tt0238784,TV Series,8.2,45,2000,"Comedy, Drama",174055,"2000-10-05",
tt0705958,10,2008-09-12,"South Park: Scott Tenorman Must Die","South Park: Scott Tenorman Must Die",https://www.imdb.com/title/tt0705958,TV Episode,9.6,22,2001,"Animation, Comedy",12739,"2001-07-11","Eric Stough"
tt0804461,9,2008-09-05,"Death Sentence","Death Sentence",https://www.imdb.com/title/tt0804461,Movie,6.7,105,2007,"Thriller, Action, Crime",77929,"2007-08-31","James Wan"
tt0238380,9,2008-08-27,"Equilibrium","Equilibrium",https://www.imdb.com/title/tt0238380,Movie,7.3,107,2002,"Drama, Sci-Fi, Thriller, Action",362552,"2002-12-06","Kurt Wimmer"
tt0108757,9,2008-08-25,"ER","ER",https://www.imdb.com/title/tt0108757,TV Series,7.9,44,1994,"Romance, Drama",78409,"1994-09-19",
tt0800039,10,2008-08-21,"Forgetting Sarah Marshall","Forgetting Sarah Marshall",https://www.imdb.com/title/tt0800039,Movie,7.1,111,2008,"Comedy, Romance, Drama",320077,"2008-04-18","Nicholas Stoller"
tt0903747,10,2008-08-16,"Breaking Bad","Breaking Bad",https://www.imdb.com/title/tt0903747,TV Series,9.5,48,2008,"Drama, Crime, Thriller",2619875,"2008-01-20",
tt0285331,9,2008-08-15,"24","24",https://www.imdb.com/title/tt0285331,TV Series,8.4,45,2001,"Crime, Action, Drama, Thriller",206997,"2001-11-06",
tt0701989,10,2008-08-14,"Six Feet Under: Everyone's Waiting","Six Feet Under: Everyone's Waiting",https://www.imdb.com/title/tt0701989,TV Episode,9.9,73,2005,"Comedy, Drama",19166,"2005-08-21","Alan Ball"
tt0907468,10,2008-07-31,"My Name Is Earl: Our 'Cops' Is On!","My Name Is Earl: Our 'Cops' Is On!",https://www.imdb.com/title/tt0907468,TV Episode,8.8,21,2007,"Comedy",1182,"2007-01-04","Ken Whittingham"
tt0460681,9,2008-07-26,"Supernatural","Supernatural",https://www.imdb.com/title/tt0460681,TV Series,8.4,44,2005,"Drama, Horror, Mystery, Thriller, Fantasy",539461,"2005-09-13",
tt0460690,9,2008-07-26,"The Unit","The Unit",https://www.imdb.com/title/tt0460690,TV Series,8.1,60,2006,"Drama, Action, War, Thriller",24651,"2006-03-07",
tt0195909,10,2008-07-26,"Meeting People Is Easy","Meeting People Is Easy",https://www.imdb.com/title/tt0195909,Movie,7.5,99,1998,"Documentary, Music",3416,"1999-03-20","Grant Gee"
tt1216108,10,2008-07-25,"House: House's Head","House M.D.: House's Head",https://www.imdb.com/title/tt1216108,TV Episode,9.7,44,2008,"Drama",15456,"2008-05-12","Greg Yaitanes"
tt0448157,7,2008-07-20,"Hancock","Hancock",https://www.imdb.com/title/tt0448157,Movie,6.4,92,2008,"Action, Comedy, Fantasy, Drama",539630,"2008-07-02","Peter Berg"
tt0481536,8,2008-07-18,"Harold & Kumar Escape from Guantanamo Bay","Harold & Kumar Escape from Guantanamo Bay",https://www.imdb.com/title/tt0481536,Movie,6.5,102,2008,"Comedy, Adventure",146171,"2008-04-25","Jon Hurwitz,Hayden Schlossberg"
tt0407362,10,2008-07-06,"Battlestar Galactica","Battlestar Galactica",https://www.imdb.com/title/tt0407362,TV Series,8.7,45,2004,"Drama, Sci-Fi, Action, Adventure",187036,"2005-01-14",
tt0780536,10,2008-07-05,"In Bruges","In Bruges",https://www.imdb.com/title/tt0780536,Movie,7.9,107,2008,"Crime, Drama, Comedy, Thriller",493963,"2008-02-29","Martin McDonagh"
tt0117705,10,2008-06-28,"Space Jam","Space Jam",https://www.imdb.com/title/tt0117705,Movie,6.5,88,1996,"Animation, Sport, Fantasy, Sci-Fi, Comedy, Family, Adventure",230227,"1996-11-15","Joe Pytka"
tt0146675,8,2008-06-24,"End of Days","End of Days",https://www.imdb.com/title/tt0146675,Movie,5.8,122,1999,"Horror, Thriller, Fantasy, Action",122896,"1999-11-24","Peter Hyams"
tt0088944,9,2008-06-24,"Commando","Commando",https://www.imdb.com/title/tt0088944,Movie,6.7,90,1985,"Thriller, Adventure, Action",187990,"1985-10-04","Mark L. Lester"
tt0217869,10,2008-06-21,"Unbreakable","Unbreakable",https://www.imdb.com/title/tt0217869,Movie,7.3,106,2000,"Mystery, Drama, Sci-Fi, Thriller",468106,"2000-11-22","M. Night Shyamalan"
tt0120188,9,2008-06-09,"Three Kings","Three Kings",https://www.imdb.com/title/tt0120188,Movie,7.1,114,1999,"Adventure, Comedy, Drama, War, Action",187519,"1999-10-01","David O. Russell"
tt0457939,8,2008-06-07,"The Holiday","The Holiday",https://www.imdb.com/title/tt0457939,Movie,7.0,136,2006,"Comedy, Romance",367707,"2006-12-08","Nancy Meyers"
tt0120768,9,2008-06-05,"The Negotiator","The Negotiator",https://www.imdb.com/title/tt0120768,Movie,7.3,140,1998,"Crime, Mystery, Action, Drama, Thriller",168598,"1998-07-29","F. Gary Gray"
tt0489099,6,2008-06-01,"Jumper","Jumper",https://www.imdb.com/title/tt0489099,Movie,6.1,88,2008,"Adventure, Sci-Fi, Thriller, Action",338054,"2008-02-14","Doug Liman"
tt0387808,7,2008-06-01,"Idiocracy","Idiocracy",https://www.imdb.com/title/tt0387808,Movie,6.5,84,2006,"Adventure, Comedy, Sci-Fi, Thriller",216170,"2007-01-25","Mike Judge"
tt0994352,10,2008-05-29,"Lost: There's No Place Like Home: Part 2","Lost: There's No Place Like Home: Part 2",https://www.imdb.com/title/tt0994352,TV Episode,9.2,40,2008,"Drama, Mystery, Adventure, Thriller, Sci-Fi, Fantasy",8990,"2008-05-29","Jack Bender"
tt0934814,9,2008-05-28,"Chuck","Chuck",https://www.imdb.com/title/tt0934814,TV Series,8.2,43,2007,"Action, Comedy, Drama",153929,"2007-09-24",
tt0107048,9,2008-05-16,"Groundhog Day","Groundhog Day",https://www.imdb.com/title/tt0107048,Movie,8.0,101,1993,"Fantasy, Drama, Romance, Comedy",737448,"1993-02-12","Harold Ramis"
tt0190590,9,2008-05-15,"O Brother, Where Art Thou?","O Brother, Where Art Thou?",https://www.imdb.com/title/tt0190590,Movie,7.7,107,2000,"Music, Drama, Adventure, Crime, Comedy",351958,"2001-02-02","Joel Coen,Ethan Coen"
tt0285403,10,2008-05-14,"Scrubs","Scrubs",https://www.imdb.com/title/tt0285403,TV Series,8.4,30,2001,"Drama, Comedy",286013,"2001-10-02",
tt0082971,9,2008-05-10,"Raiders of the Lost Ark","Raiders of the Lost Ark",https://www.imdb.com/title/tt0082971,Movie,8.4,115,1981,"Adventure",1111065,"1981-06-12","Steven Spielberg"
tt0145487,9,2008-05-09,"Spider-Man","Spider-Man",https://www.imdb.com/title/tt0145487,Movie,7.4,121,2002,"Adventure, Sci-Fi, Action",969617,"2002-05-03","Sam Raimi"
tt0182789,9,2008-05-06,"Bicentennial Man","Bicentennial Man",https://www.imdb.com/title/tt0182789,Movie,6.9,132,1999,"Romance, Sci-Fi, Drama",133774,"1999-12-17","Chris Columbus"
tt0343818,8,2008-05-06,"I, Robot","I, Robot",https://www.imdb.com/title/tt0343818,Movie,7.1,115,2004,"Action, Mystery, Sci-Fi, Thriller",615202,"2004-07-16","Alex Proyas"
tt0462538,9,2008-05-05,"The Simpsons Movie","The Simpsons Movie",https://www.imdb.com/title/tt0462538,Movie,7.3,87,2007,"Animation, Comedy, Adventure",363626,"2007-07-27","David Silverman"
tt0120689,9,2008-05-05,"The Green Mile","The Green Mile",https://www.imdb.com/title/tt0120689,Movie,8.6,189,1999,"Crime, Fantasy, Mystery, Drama",1563080,"1999-12-10","Frank Darabont"
tt0462200,9,2008-05-02,"Black Snake Moan","Black Snake Moan",https://www.imdb.com/title/tt0462200,Movie,6.9,116,2006,"Drama, Music",68965,"2007-03-02","Craig Brewer"
tt0443680,9,2008-04-30,"The Assassination of Jesse James by the Coward Robert Ford","The Assassination of Jesse James by the Coward Robert Ford",https://www.imdb.com/title/tt0443680,Movie,7.5,160,2007,"Drama, Biography, Crime, Western, History",204447,"2007-10-19","Andrew Dominik"
tt0110475,9,2008-04-28,"The Mask","The Mask",https://www.imdb.com/title/tt0110475,Movie,7.0,101,1994,"Crime, Comedy, Fantasy",471033,"1994-07-29","Chuck Russell"
tt0195685,8,2008-04-28,"Erin Brockovich","Erin Brockovich",https://www.imdb.com/title/tt0195685,Movie,7.5,131,2000,"Biography, Drama",246576,"2000-03-17","Steven Soderbergh"
tt0115798,9,2008-04-28,"The Cable Guy","The Cable Guy",https://www.imdb.com/title/tt0115798,Movie,6.1,96,1996,"Comedy, Thriller, Drama",189851,"1996-06-14","Ben Stiller"
tt0119528,9,2008-04-28,"Liar Liar","Liar Liar",https://www.imdb.com/title/tt0119528,Movie,6.9,86,1997,"Fantasy, Comedy",363132,"1997-03-21","Tom Shadyac"
tt0106052,10,2008-04-27,"Late Night with Conan O'Brien","Late Night with Conan O'Brien",https://www.imdb.com/title/tt0106052,TV Series,8.2,60,1993,"Talk-Show, Music, Comedy",19822,"1993-09-13",
tt0479939,8,2008-04-27,"Knocking","Knocking",https://www.imdb.com/title/tt0479939,Movie,7.4,,2006,"Documentary",161,"2006-05-01","Joel Engardio,Tom Shepard"
tt0090605,9,2008-04-24,"Aliens","Aliens",https://www.imdb.com/title/tt0090605,Movie,8.4,137,1986,"Thriller, Action, Horror, Sci-Fi, Adventure",841353,"1986-07-18","James Cameron"
tt0078748,9,2008-04-24,"Alien","Alien",https://www.imdb.com/title/tt0078748,Movie,8.5,117,1979,"Horror, Sci-Fi",1065086,"1979-06-22","Ridley Scott"
tt0075860,9,2008-04-23,"Close Encounters of the Third Kind","Close Encounters of the Third Kind",https://www.imdb.com/title/tt0075860,Movie,7.6,138,1977,"Sci-Fi, Drama",233550,"1977-12-14","Steven Spielberg"
tt0107290,9,2008-04-23,"Jurassic Park","Jurassic Park",https://www.imdb.com/title/tt0107290,Movie,8.2,127,1993,"Sci-Fi, Adventure",1179145,"1993-06-11","Steven Spielberg"
tt0093409,9,2008-04-23,"Lethal Weapon","Lethal Weapon",https://www.imdb.com/title/tt0093409,Movie,7.6,109,1987,"Thriller, Crime, Action",296168,"1987-03-06","Richard Donner"
tt0118883,9,2008-04-23,"Conspiracy Theory","Conspiracy Theory",https://www.imdb.com/title/tt0118883,Movie,6.7,135,1997,"Action, Drama, Crime, Thriller, Mystery",114442,"1997-08-08","Richard Donner"
tt0120685,8,2008-04-23,"Godzilla","Godzilla",https://www.imdb.com/title/tt0120685,Movie,5.5,139,1998,"Action, Sci-Fi, Thriller",213365,"1998-05-20","Roland Emmerich"
tt0083866,9,2008-04-23,"E.T. the Extra-Terrestrial","E.T. the Extra-Terrestrial",https://www.imdb.com/title/tt0083866,Movie,7.9,115,1982,"Adventure, Sci-Fi, Family",472221,"1982-06-11","Steven Spielberg"
tt0810988,5,2008-04-23,"The Nines","The Nines",https://www.imdb.com/title/tt0810988,Movie,6.2,100,2007,"Mystery, Drama, Fantasy, Thriller",35359,"2007-11-30","John August"
tt0120912,9,2008-04-22,"Men in Black II","Men in Black II",https://www.imdb.com/title/tt0120912,Movie,6.2,88,2002,"Adventure, Mystery, Sci-Fi, Comedy, Action",432011,"2002-07-03","Barry Sonnenfeld"
tt0119654,9,2008-04-22,"Men in Black","Men in Black",https://www.imdb.com/title/tt0119654,Movie,7.3,98,1997,"Adventure, Action, Sci-Fi, Comedy",664712,"1997-07-02","Barry Sonnenfeld"
tt0116629,9,2008-04-22,"Independence Day","Independence Day",https://www.imdb.com/title/tt0116629,Movie,7.0,145,1996,"Adventure, Sci-Fi, Action",647433,"1996-07-03","Roland Emmerich"
tt0120382,10,2008-04-22,"The Truman Show","The Truman Show",https://www.imdb.com/title/tt0120382,Movie,8.2,103,1998,"Comedy, Drama",1376076,"1998-06-05","Peter Weir"
tt0405422,9,2008-04-21,"The 40-Year-Old Virgin","The 40 Year Old Virgin",https://www.imdb.com/title/tt0405422,Movie,7.1,116,2005,"Comedy, Romance",501770,"2005-08-19","Judd Apatow"
tt0062622,10,2008-04-21,"2001: A Space Odyssey","2001: A Space Odyssey",https://www.imdb.com/title/tt0062622,Movie,8.3,149,1968,"Adventure, Sci-Fi",784368,"1968-05-12","Stanley Kubrick"
tt0491738,10,2008-04-21,"Psych","Psych",https://www.imdb.com/title/tt0491738,TV Series,8.4,44,2006,"Comedy, Crime, Mystery",120380,"2006-07-07",
tt0246578,9,2008-04-20,"Donnie Darko","Donnie Darko",https://www.imdb.com/title/tt0246578,Movie,8.0,113,2001,"Sci-Fi, Thriller, Mystery, Drama",912670,"2001-01-19","Richard Kelly"
tt0071562,8,2008-04-20,"The Godfather Part II","The Godfather Part II",https://www.imdb.com/title/tt0071562,Movie,9.0,202,1974,"Crime, Drama",1496604,"1974-12-18","Francis Ford Coppola"
tt0114814,9,2008-04-20,"The Usual Suspects","The Usual Suspects",https://www.imdb.com/title/tt0114814,Movie,8.5,106,1995,"Drama, Crime, Mystery, Thriller",1240251,"1995-08-16","Bryan Singer"
tt0407887,9,2008-04-20,"The Departed","The Departed",https://www.imdb.com/title/tt0407887,Movie,8.5,151,2006,"Crime, Drama, Thriller",1555813,"2006-10-06","Martin Scorsese"
tt0477348,9,2008-04-20,"No Country for Old Men","No Country for Old Men",https://www.imdb.com/title/tt0477348,Movie,8.2,122,2007,"Thriller, Crime, Drama",1191789,"2007-11-21","Ethan Coen,Joel Coen"
tt0116282,10,2008-04-20,"Fargo","Fargo",https://www.imdb.com/title/tt0116282,Movie,8.1,98,1996,"Drama, Thriller, Crime",788334,"1996-04-05","Joel Coen,Ethan Coen"
tt0389860,9,2008-04-20,"Click","Click",https://www.imdb.com/title/tt0389860,Movie,6.4,107,2006,"Comedy, Drama, Romance, Fantasy",387839,"2006-06-23","Frank Coraci"
tt0073486,10,2008-04-20,"One Flew Over the Cuckoo's Nest","One Flew Over the Cuckoo's Nest",https://www.imdb.com/title/tt0073486,Movie,8.6,133,1975,"Drama",1157952,"1975-11-21","Miloš Forman"
tt0372784,9,2008-04-20,"Batman Begins","Batman Begins",https://www.imdb.com/title/tt0372784,Movie,8.2,140,2005,"Crime, Action",1716006,"2005-06-15","Christopher Nolan"
tt0095016,10,2008-04-20,"Die Hard","Die Hard",https://www.imdb.com/title/tt0095016,Movie,8.2,132,1988,"Thriller, Action",1030917,"1988-07-20","John McTiernan"
tt0110413,9,2008-04-20,"Léon: The Professional","Léon",https://www.imdb.com/title/tt0110413,Movie,8.5,110,1994,"Action, Drama, Crime, Thriller",1352103,"1994-11-18","Luc Besson"
tt0489237,6,2008-04-20,"The Nanny Diaries","The Nanny Diaries",https://www.imdb.com/title/tt0489237,Movie,6.2,105,2007,"Comedy, Drama, Romance",67693,"2007-08-24","Shari Springer Berman,Robert Pulcini"
tt0167404,9,2008-04-20,"The Sixth Sense","The Sixth Sense",https://www.imdb.com/title/tt0167404,Movie,8.2,107,1999,"Mystery, Drama, Thriller",1145939,"1999-08-06","M. Night Shyamalan"
tt0088763,9,2008-04-20,"Back to the Future","Back to the Future",https://www.imdb.com/title/tt0088763,Movie,8.5,116,1985,"Comedy, Sci-Fi, Adventure",1454728,"1985-07-03","Robert Zemeckis"
tt0087332,8,2008-04-20,"Ghostbusters","Ghostbusters",https://www.imdb.com/title/tt0087332,Movie,7.8,105,1984,"Fantasy, Comedy, Action, Sci-Fi",487712,"1984-06-08","Ivan Reitman"
tt0405159,8,2008-04-20,"Million Dollar Baby","Million Dollar Baby",https://www.imdb.com/title/tt0405159,Movie,8.1,132,2004,"Drama, Sport",766671,"2005-01-28","Clint Eastwood"
tt0112573,10,2008-04-20,"Braveheart","Braveheart",https://www.imdb.com/title/tt0112573,Movie,8.3,178,1995,"Biography, Drama, War",1161964,"1995-05-24","Mel Gibson"
tt0109830,8,2008-04-20,"Forrest Gump","Forrest Gump",https://www.imdb.com/title/tt0109830,Movie,8.8,142,1994,"Romance, Drama",2499183,"1994-07-06","Robert Zemeckis"
tt0081398,8,2008-04-20,"Raging Bull","Raging Bull",https://www.imdb.com/title/tt0081398,Movie,8.1,129,1980,"Sport, Biography, Drama",411340,"1980-12-19","Martin Scorsese"
tt0211915,9,2008-04-19,"Amélie","Le fabuleux destin d'Amélie Poulain",https://www.imdb.com/title/tt0211915,Movie,8.3,122,2001,"Romance, Comedy",840485,"2002-02-08","Jean-Pierre Jeunet"
tt0116253,8,2008-04-19,"Executive Decision","Executive Decision",https://www.imdb.com/title/tt0116253,Movie,6.5,133,1996,"Thriller, Adventure, Action",65454,"1996-03-15","Stuart Baird"
tt0119396,8,2008-04-18,"Jackie Brown","Jackie Brown",https://www.imdb.com/title/tt0119396,Movie,7.5,154,1997,"Drama, Crime, Thriller",404626,"1997-12-25","Quentin Tarantino"
tt0315733,9,2008-04-18,"21 Grams","21 Grams",https://www.imdb.com/title/tt0315733,Movie,7.6,124,2003,"Crime, Thriller, Drama",253538,"2004-01-16","Alejandro G. Iñárritu"
tt0450278,4,2008-04-18,"Hostel","Hostel",https://www.imdb.com/title/tt0450278,Movie,5.9,94,2005,"Horror",204457,"2006-01-06","Eli Roth"
tt0165798,9,2008-04-17,"Ghost Dog: The Way of the Samurai","Ghost Dog: The Way of the Samurai",https://www.imdb.com/title/tt0165798,Movie,7.5,116,1999,"Crime, Drama",103914,"2000-03-24","Jim Jarmusch"
tt0465602,9,2008-04-17,"Shoot 'Em Up","Shoot 'Em Up",https://www.imdb.com/title/tt0465602,Movie,6.6,86,2007,"Action, Thriller, Comedy",159248,"2007-09-07","Michael Davis"
tt0366627,8,2008-04-17,"The Jacket","The Jacket",https://www.imdb.com/title/tt0366627,Movie,7.1,103,2005,"Thriller, Mystery, Sci-Fi, Drama, Fantasy",124790,"2005-03-04","John Maybury"
tt0485851,9,2008-04-16,"The Air I Breathe","The Air I Breathe",https://www.imdb.com/title/tt0485851,Movie,6.7,95,2007,"Drama, Crime, Thriller",35560,"2008-10-17","Jieho Lee"
tt0327850,9,2008-04-16,"The Rundown","The Rundown",https://www.imdb.com/title/tt0327850,Movie,6.6,104,2003,"Comedy, Thriller, Adventure, Action",148309,"2003-09-26","Peter Berg"
tt0183649,9,2008-04-16,"Phone Booth","Phone Booth",https://www.imdb.com/title/tt0183649,Movie,7.1,81,2002,"Crime, Thriller",302021,"2003-04-04","Joel Schumacher"
tt0114369,10,2008-04-15,"Seven","Se7en",https://www.imdb.com/title/tt0114369,Movie,8.6,127,1995,"Mystery, Drama, Crime, Thriller",2023958,"1995-09-22","David Fincher"
tt0272338,9,2008-04-14,"Punch-Drunk Love","Punch-Drunk Love",https://www.imdb.com/title/tt0272338,Movie,7.3,95,2002,"Drama, Comedy, Thriller, Romance",198879,"2002-11-01","Paul Thomas Anderson"
tt0249478,8,2008-04-12,"Domestic Disturbance","Domestic Disturbance",https://www.imdb.com/title/tt0249478,Movie,5.6,89,2001,"Crime, Thriller",30294,"2001-11-02","Harold Becker"
tt0119094,9,2008-04-12,"Face/Off","Face/Off",https://www.imdb.com/title/tt0119094,Movie,7.3,138,1997,"Crime, Thriller, Action, Sci-Fi",427332,"1997-06-27","John Woo"
tt0381681,8,2008-04-11,"Before Sunset","Before Sunset",https://www.imdb.com/title/tt0381681,Movie,8.1,80,2004,"Drama, Romance",315601,"2004-07-30","Richard Linklater"
tt0120601,10,2008-04-10,"Being John Malkovich","Being John Malkovich",https://www.imdb.com/title/tt0120601,Movie,7.7,113,1999,"Drama, Comedy, Fantasy",370009,"1999-12-03","Spike Jonze"
tt0268126,10,2008-04-10,"Adaptation.","Adaptation.",https://www.imdb.com/title/tt0268126,Movie,7.6,115,2002,"Comedy, Drama",214159,"2003-02-14","Spike Jonze"
tt0338013,10,2008-04-10,"Eternal Sunshine of the Spotless Mind","Eternal Sunshine of the Spotless Mind",https://www.imdb.com/title/tt0338013,Movie,8.3,108,2004,"Drama, Sci-Fi, Romance",1183799,"2004-03-19","Michel Gondry"
tt0795439,8,2008-04-10,"Numb","Numb",https://www.imdb.com/title/tt0795439,Movie,6.5,93,2007,"Drama, Comedy, Romance",9056,"2008-06-13","Harris Goldberg"
tt0333766,9,2008-04-09,"Garden State","Garden State",https://www.imdb.com/title/tt0333766,Movie,7.4,102,2004,"Comedy, Romance, Drama",228952,"2004-08-20","Zach Braff"
tt0087800,9,2008-04-09,"A Nightmare on Elm Street","A Nightmare on Elm Street",https://www.imdb.com/title/tt0087800,Movie,7.4,91,1984,"Horror",291302,"1984-11-16","Wes Craven"
tt0107818,8,2008-04-09,"Philadelphia","Philadelphia",https://www.imdb.com/title/tt0107818,Movie,7.7,125,1993,"Drama",274210,"1994-01-14","Jonathan Demme"
tt1060277,9,2008-04-06,"Cloverfield","Cloverfield",https://www.imdb.com/title/tt1060277,Movie,7.0,85,2008,"Sci-Fi, Horror, Thriller, Action",444481,"2008-01-18","Matt Reeves"
tt0120891,8,2008-04-05,"Wild Wild West","Wild Wild West",https://www.imdb.com/title/tt0120891,Movie,4.9,106,1999,"Sci-Fi, Comedy, Western, Action",173584,"1999-06-30","Barry Sonnenfeld"
tt0490712,9,2008-04-03,"Besiman Venus","Besiman Venus",https://www.imdb.com/title/tt0490712,TV Mini Series,6.9,,2005,"Drama",29,"2005-11-19",
tt0133093,10,2008-04-02,"The Matrix","The Matrix",https://www.imdb.com/title/tt0133093,Movie,8.7,136,1999,"Action, Sci-Fi",2249843,"1999-03-31","Lana Wachowski,Lilly Wachowski"
tt0340855,8,2008-04-02,"Monster","Monster",https://www.imdb.com/title/tt0340855,Movie,7.3,109,2003,"Biography, Crime, Thriller, Drama",173045,"2004-01-30","Patty Jenkins"
tt0395169,10,2008-04-02,"Hotel Rwanda","Hotel Rwanda",https://www.imdb.com/title/tt0395169,Movie,8.1,121,2004,"Drama, War, History, Biography",392315,"2005-02-04","Terry George"
tt0075314,9,2008-04-02,"Taxi Driver","Taxi Driver",https://www.imdb.com/title/tt0075314,Movie,8.2,114,1976,"Crime, Drama",1027539,"1976-02-09","Martin Scorsese"
tt0401792,10,2008-04-02,"Sin City","Sin City",https://www.imdb.com/title/tt0401792,Movie,8.0,124,2005,"Crime, Thriller",820947,"2005-04-01","Frank Miller,Quentin Tarantino,Robert Rodriguez"
tt0120611,9,2008-04-02,"Blade","Blade",https://www.imdb.com/title/tt0120611,Movie,7.1,120,1998,"Horror, Sci-Fi, Action",330777,"1998-08-21","Stephen Norrington"
tt0236640,7,2008-04-02,"Prozac Nation","Prozac Nation",https://www.imdb.com/title/tt0236640,Movie,6.2,95,2001,"Romance, Biography, Drama",20292,"2003-06-13","Erik Skjoldbjærg"
tt0234215,8,2008-04-02,"The Matrix Reloaded","The Matrix Reloaded",https://www.imdb.com/title/tt0234215,Movie,7.2,138,2003,"Action, Sci-Fi",670882,"2003-05-15","Lana Wachowski,Lilly Wachowski"
tt0242653,9,2008-04-02,"The Matrix Revolutions","The Matrix Revolutions",https://www.imdb.com/title/tt0242653,Movie,6.7,129,2003,"Action, Sci-Fi",575581,"2003-11-05","Lana Wachowski,Lilly Wachowski"
tt0490204,9,2008-04-02,"Reign Over Me","Reign Over Me",https://www.imdb.com/title/tt0490204,Movie,7.4,124,2007,"Drama",104406,"2007-03-23","Mike Binder"
tt0169547,10,2008-04-01,"American Beauty","American Beauty",https://www.imdb.com/title/tt0169547,Movie,8.3,122,1999,"Drama",1280461,"1999-10-01","Sam Mendes"
tt0426883,6,2008-04-01,"Alpha Dog","Alpha Dog",https://www.imdb.com/title/tt0426883,Movie,6.9,122,2006,"Drama, Crime, Biography, Thriller",111752,"2007-01-12","Nick Cassavetes"
tt0100436,9,2008-03-31,"Pump Up the Volume","Pump Up the Volume",https://www.imdb.com/title/tt0100436,Movie,7.2,102,1990,"Music, Comedy, Drama",33538,"1990-08-22","Allan Moyle"
tt0144084,9,2008-03-31,"American Psycho","American Psycho",https://www.imdb.com/title/tt0144084,Movie,7.6,102,2000,"Crime, Horror, Drama",839371,"2000-04-14","Mary Harron"
tt1046984,10,2008-03-30,"Souvenirs","Suvenirim",https://www.imdb.com/title/tt1046984,Movie,8.0,75,2006,"Documentary",74,"2006","Shahar Cohen,Halil Efrat"
tt0164974,10,2008-03-30,"The X-Files Game","The X-Files Game",https://www.imdb.com/title/tt0164974,Video Game,8.4,,1998,"Adventure, Mystery, Sci-Fi, Thriller, Action, Crime, Drama, Fantasy, Horror",927,,"Greg Roach"
tt0381833,10,2008-03-30,"Ha-Yeladim Mi'Givat Napoleon","Ha-Yeladim Mi'Givat Napoleon",https://www.imdb.com/title/tt0381833,TV Series,8.2,25,2001,"Adventure, Thriller, Family",73,"2001-12-25",
tt0324554,8,2008-03-30,"Wicker Park","Wicker Park",https://www.imdb.com/title/tt0324554,Movie,6.9,114,2004,"Thriller, Mystery, Romance, Drama",60999,"2004-09-03","Paul McGuigan"
tt0370263,5,2008-03-29,"Alien vs. Predator","AVP: Alien vs. Predator",https://www.imdb.com/title/tt0370263,Movie,5.7,101,2004,"Action, Horror, Sci-Fi, Thriller, Adventure",233126,"2004-08-13","Paul W.S. Anderson"
tt0181689,8,2008-03-29,"Minority Report","Minority Report",https://www.imdb.com/title/tt0181689,Movie,7.6,145,2002,"Crime, Sci-Fi, Mystery, Thriller, Action",621895,"2002-06-21","Steven Spielberg"
tt0434409,8,2008-03-29,"V for Vendetta","V for Vendetta",https://www.imdb.com/title/tt0434409,Movie,8.1,132,2005,"Thriller, Action, Drama, Sci-Fi",1247088,"2006-03-17","James McTeigue"
tt0110216,7,2008-03-29,"Junior","Junior",https://www.imdb.com/title/tt0110216,Movie,4.8,109,1994,"Romance, Sci-Fi, Comedy",78047,"1994-11-23","Ivan Reitman"
tt0116213,8,2008-03-29,"Eraser","Eraser",https://www.imdb.com/title/tt0116213,Movie,6.2,115,1996,"Thriller, Crime, Action",124222,"1996-06-21","Chuck Russell"
tt0296572,7,2008-03-29,"The Chronicles of Riddick","The Chronicles of Riddick",https://www.imdb.com/title/tt0296572,Movie,6.6,119,2004,"Sci-Fi, Thriller, Adventure, Action",251800,"2004-06-11","David Twohy"
tt0083658,8,2008-03-29,"Blade Runner","Blade Runner",https://www.imdb.com/title/tt0083658,Movie,8.1,117,1982,"Thriller, Action, Drama, Sci-Fi",882799,"1982-06-25","Ridley Scott"
tt0206634,9,2008-03-29,"Children of Men","Children of Men",https://www.imdb.com/title/tt0206634,Movie,7.9,109,2006,"Thriller, Drama, Sci-Fi",566540,"2007-01-05","Alfonso Cuarón"
tt0120660,9,2008-03-29,"Enemy of the State","Enemy of the State",https://www.imdb.com/title/tt0120660,Movie,7.3,132,1998,"Action, Thriller",275089,"1998-11-20","Tony Scott"
tt0408236,10,2008-03-28,"Sweeney Todd: The Demon Barber of Fleet Street","Sweeney Todd: The Demon Barber of Fleet Street",https://www.imdb.com/title/tt0408236,Movie,7.3,116,2007,"Musical, Drama, Thriller, Horror",406722,"2007-12-21","Tim Burton"
tt0118715,9,2008-03-28,"The Big Lebowski","The Big Lebowski",https://www.imdb.com/title/tt0118715,Movie,8.1,117,1998,"Crime, Comedy",917570,"1998-03-06","Joel Coen,Ethan Coen"
tt0325980,8,2008-03-27,"Pirates of the Caribbean: The Curse of the Black Pearl","Pirates of the Caribbean: The Curse of the Black Pearl",https://www.imdb.com/title/tt0325980,Movie,8.1,143,2003,"Fantasy, Action, Adventure",1326897,"2003-07-09","Gore Verbinski"
tt0167260,9,2008-03-27,"The Lord of the Rings: The Return of the King","The Lord of the Rings: The Return of the King",https://www.imdb.com/title/tt0167260,Movie,9.0,201,2003,"Drama, Adventure, Fantasy",2166681,"2003-12-17","Peter Jackson"
tt0383574,8,2008-03-27,"Pirates of the Caribbean: Dead Man's Chest","Pirates of the Caribbean: Dead Man's Chest",https://www.imdb.com/title/tt0383574,Movie,7.4,151,2006,"Adventure, Fantasy, Action",826875,"2006-07-07","Gore Verbinski"
tt0167261,9,2008-03-27,"The Lord of the Rings: The Two Towers","The Lord of the Rings: The Two Towers",https://www.imdb.com/title/tt0167261,Movie,8.8,179,2002,"Drama, Adventure, Fantasy",1959252,"2002-12-18","Peter Jackson"
tt0120737,9,2008-03-27,"The Lord of the Rings: The Fellowship of the Ring","The Lord of the Rings: The Fellowship of the Ring",https://www.imdb.com/title/tt0120737,Movie,8.9,178,2001,"Drama, Adventure, Fantasy",2208813,"2001-12-19","Peter Jackson"
tt0449088,8,2008-03-27,"Pirates of the Caribbean: At World's End","Pirates of the Caribbean: At World's End",https://www.imdb.com/title/tt0449088,Movie,7.2,169,2007,"Action, Adventure, Fantasy",744695,"2007-05-25","Gore Verbinski"
tt0158983,9,2008-03-26,"South Park: Bigger, Longer & Uncut","South Park: Bigger, Longer & Uncut",https://www.imdb.com/title/tt0158983,Movie,7.7,81,1999,"Animation, Musical, Fantasy, Comedy",224576,"1999-06-30","Trey Parker"
tt0482571,10,2008-03-25,"The Prestige","The Prestige",https://www.imdb.com/title/tt0482571,Movie,8.5,130,2006,"Drama, Thriller, Mystery, Sci-Fi",1589972,"2006-10-20","Christopher Nolan"
tt0361862,10,2008-03-19,"The Machinist","The Machinist",https://www.imdb.com/title/tt0361862,Movie,7.6,101,2004,"Thriller, Drama",442194,"2004-12-03","Brad Anderson"
tt0248654,10,2008-03-18,"Six Feet Under","Six Feet Under",https://www.imdb.com/title/tt0248654,TV Series,8.7,60,2001,"Comedy, Drama",168278,"2001-06-03",
tt0765429,9,2008-03-12,"American Gangster","American Gangster",https://www.imdb.com/title/tt0765429,Movie,7.8,157,2007,"Drama, Crime, Biography",487487,"2007-11-02","Ridley Scott"
tt0217505,8,2008-03-08,"Gangs of New York","Gangs of New York",https://www.imdb.com/title/tt0217505,Movie,7.5,167,2002,"Crime, Drama",506029,"2002-12-20","Martin Scorsese"
tt0449059,9,2008-03-07,"Little Miss Sunshine","Little Miss Sunshine",https://www.imdb.com/title/tt0449059,Movie,7.8,101,2006,"Comedy, Drama",558930,"2006-08-18","Jonathan Dayton,Valerie Faris"
tt0356150,9,2008-03-06,"EuroTrip","EuroTrip",https://www.imdb.com/title/tt0356150,Movie,6.6,92,2004,"Comedy",244627,"2004-02-20","Jeff Schaffer,Alec Berg,David Mandel"
tt0253474,10,2008-03-06,"The Pianist","The Pianist",https://www.imdb.com/title/tt0253474,Movie,8.5,150,2002,"Biography, Music, Drama, War",1013321,"2003-03-28","Roman Polanski"
tt0098800,10,2008-03-06,"The Fresh Prince of Bel-Air","The Fresh Prince of Bel-Air",https://www.imdb.com/title/tt0098800,TV Series,7.9,22,1990,"Comedy",153076,"1990-09-10",
tt0331811,8,2008-03-05,"11:14","11:14",https://www.imdb.com/title/tt0331811,Movie,7.1,86,2003,"Crime, Drama, Mystery, Thriller, Comedy",52567,"2004-08-20","Greg Marcks"
tt0480249,8,2008-03-05,"I Am Legend","I Am Legend",https://www.imdb.com/title/tt0480249,Movie,7.2,101,2007,"Drama, Sci-Fi, Thriller, Horror",878440,"2007-12-14","Francis Lawrence"
tt0273923,7,2008-03-02,"Orange County","Orange County",https://www.imdb.com/title/tt0273923,Movie,6.2,82,2002,"Drama, Comedy",54046,"2002-01-11","Jake Kasdan"
tt0289879,10,2008-03-01,"The Butterfly Effect","The Butterfly Effect",https://www.imdb.com/title/tt0289879,Movie,7.6,113,2004,"Sci-Fi, Drama, Thriller",556624,"2004-01-23","Eric Bress,J. Mackye Gruber"
tt0419815,9,2008-03-01,"Holly","Holly",https://www.imdb.com/title/tt0419815,Movie,6.7,114,2006,"Drama",989,"2010-01-07","Guy Moshe"
tt0118799,10,2008-02-29,"Life Is Beautiful","La vita è bella",https://www.imdb.com/title/tt0118799,Movie,8.6,116,1997,"Comedy, War, Romance, Drama",813586,"1997-12-20","Roberto Benigni"
tt0319931,4,2008-02-29,"American Idol","American Idol: The Search for a Superstar",https://www.imdb.com/title/tt0319931,TV Series,4.3,42,2002,"Game-Show, Reality-TV, Music",22809,"2002-06-11",
tt0411061,6,2008-02-28,"88 Minutes","88 Minutes",https://www.imdb.com/title/tt0411061,Movie,5.9,108,2007,"Drama, Thriller, Mystery, Crime",80437,"2008-04-18","Jon Avnet"
tt0120586,10,2008-02-28,"American History X","American History X",https://www.imdb.com/title/tt0120586,Movie,8.5,119,1998,"Drama, Crime",1274182,"1998-11-20","Tony Kaye"
tt0496806,9,2008-02-27,"Ocean's Thirteen","Ocean's Thirteen",https://www.imdb.com/title/tt0496806,Movie,6.9,122,2007,"Crime, Thriller",387524,"2007-06-08","Steven Soderbergh"
tt0465538,7,2008-02-22,"Michael Clayton","Michael Clayton",https://www.imdb.com/title/tt0465538,Movie,7.2,119,2007,"Drama, Thriller, Crime, Mystery",184086,"2007-10-12","Tony Gilroy"
tt0185906,10,2008-02-17,"Band of Brothers","Band of Brothers",https://www.imdb.com/title/tt0185906,TV Mini Series,9.4,60,2001,"History, Action, Drama, War",594841,"2001-09-09",
tt0120735,10,2008-02-17,"Lock, Stock and Two Smoking Barrels","Lock, Stock and Two Smoking Barrels",https://www.imdb.com/title/tt0120735,Movie,8.1,107,1998,"Crime, Comedy",650481,"1998-08-28","Guy Ritchie"
tt0369339,8,2008-02-17,"Collateral","Collateral",https://www.imdb.com/title/tt0369339,Movie,7.5,120,2004,"Crime, Thriller, Action, Drama",467954,"2004-08-06","Michael Mann"
tt0112167,10,2008-02-12,"Sliders","Sliders",https://www.imdb.com/title/tt0112167,TV Series,7.4,60,1995,"Adventure, Fantasy, Sci-Fi",21946,"1995-03-22",
tt0367279,10,2008-02-10,"Arrested Development","Arrested Development",https://www.imdb.com/title/tt0367279,TV Series,8.6,22,2003,"Comedy",343962,"2003-11-02",
tt0118421,10,2008-02-09,"Oz","Oz",https://www.imdb.com/title/tt0118421,TV Series,8.7,60,1997,"Crime, Drama, Thriller",116992,"1997-07-12",
tt0994359,10,2008-02-08,"Lost: Confirmed Dead","Lost: Confirmed Dead",https://www.imdb.com/title/tt0994359,TV Episode,8.6,43,2008,"Drama, Mystery, Adventure, Thriller, Sci-Fi, Fantasy",7694,"2008-02-07","Stephen Williams"
tt0467406,9,2008-02-06,"Juno","Juno",https://www.imdb.com/title/tt0467406,Movie,7.4,96,2007,"Comedy, Drama",572723,"2007-12-25","Jason Reitman"
tt0454848,9,2008-02-04,"Inside Man","Inside Man",https://www.imdb.com/title/tt0454848,Movie,7.6,129,2006,"Crime, Drama, Thriller, Mystery",425053,"2006-03-24","Spike Lee"
tt0452623,10,2008-01-25,"Gone Baby Gone","Gone Baby Gone",https://www.imdb.com/title/tt0452623,Movie,7.6,114,2007,"Drama, Mystery, Crime, Thriller",311172,"2007-10-19","Ben Affleck"
tt0468569,10,2008-01-24,"The Dark Knight","The Dark Knight",https://www.imdb.com/title/tt0468569,Movie,9.1,152,2008,"Crime, Thriller",3171406,"2008-07-18","Christopher Nolan"
tt0165581,10,2008-01-13,"The King of Queens","The King of Queens",https://www.imdb.com/title/tt0165581,TV Series,7.4,22,1998,"Comedy",94636,"1998-09-21",
tt0475394,9,2008-01-13,"Smokin' Aces","Smokin' Aces",https://www.imdb.com/title/tt0475394,Movie,6.6,109,2006,"Action, Crime, Thriller, Drama, Comedy",157781,"2007-01-26","Joe Carnahan"
tt0110912,10,2008-01-13,"Pulp Fiction","Pulp Fiction",https://www.imdb.com/title/tt0110912,Movie,8.8,154,1994,"Crime, Drama",2437621,"1994-10-14","Quentin Tarantino"
tt0383216,3,2008-01-12,"The Pink Panther","The Pink Panther",https://www.imdb.com/title/tt0383216,Movie,5.7,93,2006,"Comedy, Mystery, Crime, Adventure",99225,"2006-02-10","Shawn Levy"
tt0208092,10,2008-01-11,"Snatch","Snatch",https://www.imdb.com/title/tt0208092,Movie,8.2,102,2000,"Comedy, Crime",977761,"2001-01-19","Guy Ritchie"
tt0111161,10,2008-01-05,"The Shawshank Redemption","The Shawshank Redemption",https://www.imdb.com/title/tt0111161,Movie,9.3,142,1994,"Drama",3191972,"1994-10-14","Frank Darabont"
tt0137523,10,2008-01-05,"Fight Club","Fight Club",https://www.imdb.com/title/tt0137523,Movie,8.8,139,1999,"Drama, Crime, Thriller",2612050,"1999-10-15","David Fincher"
tt0479884,10,2008-01-05,"Crank","Crank",https://www.imdb.com/title/tt0479884,Movie,6.9,88,2006,"Action, Crime, Thriller",277795,"2006-09-01","Mark Neveldine,Brian Taylor"
tt0485842,10,2008-01-04,"Studio 60 on the Sunset Strip","Studio 60 on the Sunset Strip",https://www.imdb.com/title/tt0485842,TV Series,8.3,44,2006,"Drama, Comedy",25944,"2006-09-18",
tt0114746,10,2007-11-26,"12 Monkeys","Twelve Monkeys",https://www.imdb.com/title/tt0114746,Movie,8.0,129,1995,"Mystery, Sci-Fi, Thriller",680658,"1996-01-05","Terry Gilliam"
